2025-02-11 14:05:16,502 INFO: Configuration:
2025-02-11 14:05:16,503 INFO: IMG_SIZE: 224, BATCH_SIZE: 32, LR: 0.001, EPOCHS: 20
2025-02-11 14:05:16,503 INFO: Device: cuda
2025-02-11 14:08:52,763 INFO: Configuration:
2025-02-11 14:08:52,764 INFO: IMG_SIZE: 224, BATCH_SIZE: 32, LR: 0.001, EPOCHS: 20
2025-02-11 14:08:52,764 INFO: Device: cuda
2025-02-11 14:08:53,043 INFO: Target class: fox, Train samples: 0, Val samples: 0
2025-02-11 14:08:53,044 INFO: Input (grayscale) transform pipeline:
2025-02-11 14:08:53,044 INFO: ToPILImage()
2025-02-11 14:08:53,045 INFO: Resize(size=(224, 224), interpolation=bilinear, max_size=None, antialias=True)
2025-02-11 14:08:53,045 INFO: Grayscale(num_output_channels=1)
2025-02-11 14:08:53,045 INFO: ToTensor()
2025-02-11 14:08:53,046 INFO: Target (color) transform pipeline:
2025-02-11 14:08:53,046 INFO: ToPILImage()
2025-02-11 14:08:53,046 INFO: Resize(size=(224, 224), interpolation=bilinear, max_size=None, antialias=True)
2025-02-11 14:08:53,046 INFO: ToTensor()
2025-02-11 14:31:30,902 INFO: Configuration:
2025-02-11 14:31:30,902 INFO: IMG_SIZE: 224, BATCH_SIZE: 32, LR: 0.001, EPOCHS: 20
2025-02-11 14:31:30,903 INFO: Device: cuda
2025-02-11 14:32:21,773 INFO: Configuration:
2025-02-11 14:32:21,774 INFO: IMG_SIZE: 224, BATCH_SIZE: 32, LR: 0.001, EPOCHS: 20
2025-02-11 14:32:21,774 INFO: Device: cuda
2025-02-11 14:32:22,086 INFO: Target class: fox, Train samples: 4549, Val samples: 1299
2025-02-11 14:32:22,087 INFO: Input (grayscale) transform pipeline:
2025-02-11 14:32:22,087 INFO: ToPILImage()
2025-02-11 14:32:22,087 INFO: Resize(size=(224, 224), interpolation=bilinear, max_size=None, antialias=True)
2025-02-11 14:32:22,088 INFO: Grayscale(num_output_channels=1)
2025-02-11 14:32:22,088 INFO: ToTensor()
2025-02-11 14:32:22,088 INFO: Target (color) transform pipeline:
2025-02-11 14:32:22,088 INFO: ToPILImage()
2025-02-11 14:32:22,089 INFO: Resize(size=(224, 224), interpolation=bilinear, max_size=None, antialias=True)
2025-02-11 14:32:22,089 INFO: ToTensor()
2025-02-11 14:32:22,388 INFO: Model architecture:
ColorizationVAE(
  (encoder): Sequential(
    (0): Conv2d(1, 64, kernel_size=(4, 4), stride=(2, 2), padding=(1, 1))
    (1): BatchNorm2d(64, eps=1e-05, momentum=0.1, affine=True, track_running_stats=True)
    (2): ReLU()
    (3): Conv2d(64, 128, kernel_size=(4, 4), stride=(2, 2), padding=(1, 1))
    (4): BatchNorm2d(128, eps=1e-05, momentum=0.1, affine=True, track_running_stats=True)
    (5): ReLU()
    (6): Conv2d(128, 256, kernel_size=(4, 4), stride=(2, 2), padding=(1, 1))
    (7): BatchNorm2d(256, eps=1e-05, momentum=0.1, affine=True, track_running_stats=True)
    (8): ReLU()
    (9): Conv2d(256, 512, kernel_size=(4, 4), stride=(2, 2), padding=(1, 1))
    (10): BatchNorm2d(512, eps=1e-05, momentum=0.1, affine=True, track_running_stats=True)
    (11): ReLU()
  )
  (fc_mu): Linear(in_features=100352, out_features=128, bias=True)
  (fc_logvar): Linear(in_features=100352, out_features=128, bias=True)
  (decoder_input): Linear(in_features=128, out_features=100352, bias=True)
  (decoder): Sequential(
    (0): ConvTranspose2d(512, 256, kernel_size=(4, 4), stride=(2, 2), padding=(1, 1))
    (1): BatchNorm2d(256, eps=1e-05, momentum=0.1, affine=True, track_running_stats=True)
    (2): ReLU()
    (3): ConvTranspose2d(256, 128, kernel_size=(4, 4), stride=(2, 2), padding=(1, 1))
    (4): BatchNorm2d(128, eps=1e-05, momentum=0.1, affine=True, track_running_stats=True)
    (5): ReLU()
    (6): ConvTranspose2d(128, 64, kernel_size=(4, 4), stride=(2, 2), padding=(1, 1))
    (7): BatchNorm2d(64, eps=1e-05, momentum=0.1, affine=True, track_running_stats=True)
    (8): ReLU()
    (9): ConvTranspose2d(64, 3, kernel_size=(4, 4), stride=(2, 2), padding=(1, 1))
    (10): Sigmoid()
  )
)
2025-02-11 14:32:56,160 INFO: Epoch 1/20: Train Loss = nan, Val Loss = nan
2025-02-11 14:33:29,429 INFO: Epoch 2/20: Train Loss = nan, Val Loss = nan
2025-02-14 00:22:59,241 INFO: Configuration:
2025-02-14 00:22:59,241 INFO: IMG_SIZE: 224, BATCH_SIZE: 32, LR: 0.001, EPOCHS: 20
2025-02-14 00:22:59,242 INFO: Device: cuda
2025-02-14 00:25:53,029 INFO: Configuration:
2025-02-14 00:25:53,029 INFO: IMG_SIZE: 224, BATCH_SIZE: 32, LR: 0.001, EPOCHS: 20
2025-02-14 00:25:53,030 INFO: Device: cuda
2025-02-14 00:25:53,477 INFO: Target class: fox, Train samples: 4549, Val samples: 1299
2025-02-14 00:25:53,477 INFO: Input (grayscale) transform pipeline:
2025-02-14 00:25:53,478 INFO: ToPILImage()
2025-02-14 00:25:53,478 INFO: Resize(size=(224, 224), interpolation=bilinear, max_size=None, antialias=True)
2025-02-14 00:25:53,478 INFO: Grayscale(num_output_channels=1)
2025-02-14 00:25:53,479 INFO: ToTensor()
2025-02-14 00:25:53,479 INFO: Target (color) transform pipeline:
2025-02-14 00:25:53,479 INFO: ToPILImage()
2025-02-14 00:25:53,479 INFO: Resize(size=(224, 224), interpolation=bilinear, max_size=None, antialias=True)
2025-02-14 00:25:53,480 INFO: ToTensor()
2025-02-14 00:25:53,852 INFO: Model architecture:
ColorizationVAE(
  (encoder): Sequential(
    (0): Conv2d(1, 64, kernel_size=(4, 4), stride=(2, 2), padding=(1, 1))
    (1): BatchNorm2d(64, eps=1e-05, momentum=0.1, affine=True, track_running_stats=True)
    (2): ReLU()
    (3): Conv2d(64, 128, kernel_size=(4, 4), stride=(2, 2), padding=(1, 1))
    (4): BatchNorm2d(128, eps=1e-05, momentum=0.1, affine=True, track_running_stats=True)
    (5): ReLU()
    (6): Conv2d(128, 256, kernel_size=(4, 4), stride=(2, 2), padding=(1, 1))
    (7): BatchNorm2d(256, eps=1e-05, momentum=0.1, affine=True, track_running_stats=True)
    (8): ReLU()
    (9): Conv2d(256, 512, kernel_size=(4, 4), stride=(2, 2), padding=(1, 1))
    (10): BatchNorm2d(512, eps=1e-05, momentum=0.1, affine=True, track_running_stats=True)
    (11): ReLU()
  )
  (fc_mu): Linear(in_features=100352, out_features=128, bias=True)
  (fc_logvar): Linear(in_features=100352, out_features=128, bias=True)
  (decoder_input): Linear(in_features=128, out_features=100352, bias=True)
  (decoder): Sequential(
    (0): ConvTranspose2d(512, 256, kernel_size=(4, 4), stride=(2, 2), padding=(1, 1))
    (1): BatchNorm2d(256, eps=1e-05, momentum=0.1, affine=True, track_running_stats=True)
    (2): ReLU()
    (3): ConvTranspose2d(256, 128, kernel_size=(4, 4), stride=(2, 2), padding=(1, 1))
    (4): BatchNorm2d(128, eps=1e-05, momentum=0.1, affine=True, track_running_stats=True)
    (5): ReLU()
    (6): ConvTranspose2d(128, 64, kernel_size=(4, 4), stride=(2, 2), padding=(1, 1))
    (7): BatchNorm2d(64, eps=1e-05, momentum=0.1, affine=True, track_running_stats=True)
    (8): ReLU()
    (9): ConvTranspose2d(64, 3, kernel_size=(4, 4), stride=(2, 2), padding=(1, 1))
    (10): Sigmoid()
  )
)
2025-02-14 00:26:50,684 INFO: Configuration:
2025-02-14 00:26:50,684 INFO: IMG_SIZE: 224, BATCH_SIZE: 128, LR: 0.001, EPOCHS: 20
2025-02-14 00:26:50,685 INFO: Device: cuda
2025-02-14 00:27:11,373 INFO: Configuration:
2025-02-14 00:27:11,373 INFO: IMG_SIZE: 224, BATCH_SIZE: 128, LR: 0.001, EPOCHS: 20
2025-02-14 00:27:11,374 INFO: Device: cuda
2025-02-14 00:27:38,049 INFO: Configuration:
2025-02-14 00:27:38,050 INFO: IMG_SIZE: 224, BATCH_SIZE: 128, LR: 0.001, EPOCHS: 20
2025-02-14 00:27:38,050 INFO: Device: cuda
2025-02-14 00:27:38,540 INFO: Target class: fox, Train samples: 4549, Val samples: 1299
2025-02-14 00:27:38,540 INFO: Input (grayscale) transform pipeline:
2025-02-14 00:27:38,540 INFO: ToPILImage()
2025-02-14 00:27:38,540 INFO: Resize(size=(224, 224), interpolation=bilinear, max_size=None, antialias=True)
2025-02-14 00:27:38,541 INFO: Grayscale(num_output_channels=1)
2025-02-14 00:27:38,541 INFO: ToTensor()
2025-02-14 00:27:38,541 INFO: Target (color) transform pipeline:
2025-02-14 00:27:38,541 INFO: ToPILImage()
2025-02-14 00:27:38,541 INFO: Resize(size=(224, 224), interpolation=bilinear, max_size=None, antialias=True)
2025-02-14 00:27:38,541 INFO: ToTensor()
2025-02-14 00:27:38,836 INFO: Model architecture:
ColorizationVAE(
  (encoder): Sequential(
    (0): Conv2d(1, 64, kernel_size=(4, 4), stride=(2, 2), padding=(1, 1))
    (1): BatchNorm2d(64, eps=1e-05, momentum=0.1, affine=True, track_running_stats=True)
    (2): ReLU()
    (3): Conv2d(64, 128, kernel_size=(4, 4), stride=(2, 2), padding=(1, 1))
    (4): BatchNorm2d(128, eps=1e-05, momentum=0.1, affine=True, track_running_stats=True)
    (5): ReLU()
    (6): Conv2d(128, 256, kernel_size=(4, 4), stride=(2, 2), padding=(1, 1))
    (7): BatchNorm2d(256, eps=1e-05, momentum=0.1, affine=True, track_running_stats=True)
    (8): ReLU()
    (9): Conv2d(256, 512, kernel_size=(4, 4), stride=(2, 2), padding=(1, 1))
    (10): BatchNorm2d(512, eps=1e-05, momentum=0.1, affine=True, track_running_stats=True)
    (11): ReLU()
  )
  (fc_mu): Linear(in_features=100352, out_features=128, bias=True)
  (fc_logvar): Linear(in_features=100352, out_features=128, bias=True)
  (decoder_input): Linear(in_features=128, out_features=100352, bias=True)
  (decoder): Sequential(
    (0): ConvTranspose2d(512, 256, kernel_size=(4, 4), stride=(2, 2), padding=(1, 1))
    (1): BatchNorm2d(256, eps=1e-05, momentum=0.1, affine=True, track_running_stats=True)
    (2): ReLU()
    (3): ConvTranspose2d(256, 128, kernel_size=(4, 4), stride=(2, 2), padding=(1, 1))
    (4): BatchNorm2d(128, eps=1e-05, momentum=0.1, affine=True, track_running_stats=True)
    (5): ReLU()
    (6): ConvTranspose2d(128, 64, kernel_size=(4, 4), stride=(2, 2), padding=(1, 1))
    (7): BatchNorm2d(64, eps=1e-05, momentum=0.1, affine=True, track_running_stats=True)
    (8): ReLU()
    (9): ConvTranspose2d(64, 3, kernel_size=(4, 4), stride=(2, 2), padding=(1, 1))
    (10): Sigmoid()
  )
)
2025-02-14 00:27:48,847 INFO: Epoch 1/20: Train Loss = nan, Val Loss = nan
2025-02-14 00:27:58,524 INFO: Epoch 2/20: Train Loss = nan, Val Loss = nan
2025-02-14 00:28:07,947 INFO: Epoch 3/20: Train Loss = nan, Val Loss = nan
2025-02-14 00:28:17,263 INFO: Epoch 4/20: Train Loss = nan, Val Loss = nan
2025-02-14 00:28:26,744 INFO: Epoch 5/20: Train Loss = nan, Val Loss = nan
2025-02-14 00:28:36,278 INFO: Epoch 6/20: Train Loss = nan, Val Loss = nan
2025-02-14 00:29:58,822 INFO: Configuration:
2025-02-14 00:29:58,823 INFO: IMG_SIZE: 224, BATCH_SIZE: 180, LR: 0.001, EPOCHS: 20
2025-02-14 00:29:58,823 INFO: Device: cuda
2025-02-14 00:29:59,238 INFO: Target class: fox, Train samples: 4549, Val samples: 1299
2025-02-14 00:29:59,239 INFO: Input (grayscale) transform pipeline:
2025-02-14 00:29:59,239 INFO: ToPILImage()
2025-02-14 00:29:59,239 INFO: Resize(size=(224, 224), interpolation=bilinear, max_size=None, antialias=True)
2025-02-14 00:29:59,240 INFO: Grayscale(num_output_channels=1)
2025-02-14 00:29:59,240 INFO: ToTensor()
2025-02-14 00:29:59,240 INFO: Target (color) transform pipeline:
2025-02-14 00:29:59,240 INFO: ToPILImage()
2025-02-14 00:29:59,240 INFO: Resize(size=(224, 224), interpolation=bilinear, max_size=None, antialias=True)
2025-02-14 00:29:59,241 INFO: ToTensor()
2025-02-14 00:29:59,596 INFO: Model architecture:
ColorizationVAE(
  (encoder): Sequential(
    (0): Conv2d(1, 64, kernel_size=(4, 4), stride=(2, 2), padding=(1, 1))
    (1): BatchNorm2d(64, eps=1e-05, momentum=0.1, affine=True, track_running_stats=True)
    (2): ReLU()
    (3): Conv2d(64, 128, kernel_size=(4, 4), stride=(2, 2), padding=(1, 1))
    (4): BatchNorm2d(128, eps=1e-05, momentum=0.1, affine=True, track_running_stats=True)
    (5): ReLU()
    (6): Conv2d(128, 256, kernel_size=(4, 4), stride=(2, 2), padding=(1, 1))
    (7): BatchNorm2d(256, eps=1e-05, momentum=0.1, affine=True, track_running_stats=True)
    (8): ReLU()
    (9): Conv2d(256, 512, kernel_size=(4, 4), stride=(2, 2), padding=(1, 1))
    (10): BatchNorm2d(512, eps=1e-05, momentum=0.1, affine=True, track_running_stats=True)
    (11): ReLU()
  )
  (fc_mu): Linear(in_features=100352, out_features=128, bias=True)
  (fc_logvar): Linear(in_features=100352, out_features=128, bias=True)
  (decoder_input): Linear(in_features=128, out_features=100352, bias=True)
  (decoder): Sequential(
    (0): ConvTranspose2d(512, 256, kernel_size=(4, 4), stride=(2, 2), padding=(1, 1))
    (1): BatchNorm2d(256, eps=1e-05, momentum=0.1, affine=True, track_running_stats=True)
    (2): ReLU()
    (3): ConvTranspose2d(256, 128, kernel_size=(4, 4), stride=(2, 2), padding=(1, 1))
    (4): BatchNorm2d(128, eps=1e-05, momentum=0.1, affine=True, track_running_stats=True)
    (5): ReLU()
    (6): ConvTranspose2d(128, 64, kernel_size=(4, 4), stride=(2, 2), padding=(1, 1))
    (7): BatchNorm2d(64, eps=1e-05, momentum=0.1, affine=True, track_running_stats=True)
    (8): ReLU()
    (9): ConvTranspose2d(64, 3, kernel_size=(4, 4), stride=(2, 2), padding=(1, 1))
    (10): Sigmoid()
  )
)
2025-02-14 00:30:10,213 INFO: Epoch 1/20: Train Loss = 237600756196713236469525774336.0000, Val Loss = 320193.8364
2025-02-14 00:30:10,764 INFO: Saved best model at epoch 1 with Val Loss = 320193.8364
2025-02-14 00:30:20,915 INFO: Epoch 2/20: Train Loss = 218729285803212426351132803072.0000, Val Loss = 673802453957355896832.0000
2025-02-14 00:30:31,076 INFO: Epoch 3/20: Train Loss = 25278133789806263634365513728.0000, Val Loss = 3546677024066947495493632.0000
2025-02-14 00:30:41,178 INFO: Epoch 4/20: Train Loss = inf, Val Loss = 4094850047038811250098176.0000
2025-02-14 00:30:51,294 INFO: Epoch 5/20: Train Loss = 4933454738598395112652275712.0000, Val Loss = 6895143601223064793120768.0000
2025-02-14 00:31:01,393 INFO: Epoch 6/20: Train Loss = 1342427592857226340370219008.0000, Val Loss = 7523001720575594109861888.0000
2025-02-14 00:31:11,632 INFO: Epoch 7/20: Train Loss = 158455217971138494390331244544.0000, Val Loss = 3721201520894557326147584.0000
2025-02-14 00:31:21,794 INFO: Epoch 8/20: Train Loss = 574159239924935978711305420800.0000, Val Loss = 2778422641899394201288704.0000
2025-02-14 00:31:32,067 INFO: Epoch 9/20: Train Loss = 8567222529268286288373481472.0000, Val Loss = 3297527719660213061550080.0000
2025-02-14 00:31:42,393 INFO: Epoch 10/20: Train Loss = 160714857677676919470503755776.0000, Val Loss = 2226226889223212288180224.0000
2025-02-14 00:31:52,381 INFO: Epoch 11/20: Train Loss = 43429192155004750306465546240.0000, Val Loss = 5631979051536048017375232.0000
2025-02-14 00:32:02,524 INFO: Epoch 12/20: Train Loss = 6733170976930469242195673088.0000, Val Loss = 2134763003910519122821120.0000
2025-02-14 00:32:12,518 INFO: Epoch 13/20: Train Loss = 14936835150215792546235285504.0000, Val Loss = 19088715414673908431847424.0000
2025-02-14 00:32:22,771 INFO: Epoch 14/20: Train Loss = 9728858864131345017284329472.0000, Val Loss = 8138553258695486448074752.0000
2025-02-14 00:32:33,078 INFO: Epoch 15/20: Train Loss = 14627251390265331911353171968.0000, Val Loss = 4401853134292505581322240.0000
2025-02-14 00:32:43,320 INFO: Epoch 16/20: Train Loss = 4545721199046043395879337984.0000, Val Loss = 3544694145120163713777664.0000
2025-02-14 00:33:57,830 INFO: Configuration:
2025-02-14 00:33:57,830 INFO: IMG_SIZE: 224, BATCH_SIZE: 256, LR: 0.001, EPOCHS: 20
2025-02-14 00:33:57,831 INFO: Device: cuda
2025-02-14 00:33:58,332 INFO: Target class: fox, Train samples: 4549, Val samples: 1299
2025-02-14 00:33:58,332 INFO: Input (grayscale) transform pipeline:
2025-02-14 00:33:58,333 INFO: ToPILImage()
2025-02-14 00:33:58,333 INFO: Resize(size=(224, 224), interpolation=bilinear, max_size=None, antialias=True)
2025-02-14 00:33:58,333 INFO: Grayscale(num_output_channels=1)
2025-02-14 00:33:58,333 INFO: ToTensor()
2025-02-14 00:33:58,333 INFO: Target (color) transform pipeline:
2025-02-14 00:33:58,334 INFO: ToPILImage()
2025-02-14 00:33:58,334 INFO: Resize(size=(224, 224), interpolation=bilinear, max_size=None, antialias=True)
2025-02-14 00:33:58,334 INFO: ToTensor()
2025-02-14 00:33:58,639 INFO: Model architecture:
ColorizationVAE(
  (encoder): Sequential(
    (0): Conv2d(1, 64, kernel_size=(4, 4), stride=(2, 2), padding=(1, 1))
    (1): BatchNorm2d(64, eps=1e-05, momentum=0.1, affine=True, track_running_stats=True)
    (2): ReLU()
    (3): Conv2d(64, 128, kernel_size=(4, 4), stride=(2, 2), padding=(1, 1))
    (4): BatchNorm2d(128, eps=1e-05, momentum=0.1, affine=True, track_running_stats=True)
    (5): ReLU()
    (6): Conv2d(128, 256, kernel_size=(4, 4), stride=(2, 2), padding=(1, 1))
    (7): BatchNorm2d(256, eps=1e-05, momentum=0.1, affine=True, track_running_stats=True)
    (8): ReLU()
    (9): Conv2d(256, 512, kernel_size=(4, 4), stride=(2, 2), padding=(1, 1))
    (10): BatchNorm2d(512, eps=1e-05, momentum=0.1, affine=True, track_running_stats=True)
    (11): ReLU()
  )
  (fc_mu): Linear(in_features=100352, out_features=128, bias=True)
  (fc_logvar): Linear(in_features=100352, out_features=128, bias=True)
  (decoder_input): Linear(in_features=128, out_features=100352, bias=True)
  (decoder): Sequential(
    (0): ConvTranspose2d(512, 256, kernel_size=(4, 4), stride=(2, 2), padding=(1, 1))
    (1): BatchNorm2d(256, eps=1e-05, momentum=0.1, affine=True, track_running_stats=True)
    (2): ReLU()
    (3): ConvTranspose2d(256, 128, kernel_size=(4, 4), stride=(2, 2), padding=(1, 1))
    (4): BatchNorm2d(128, eps=1e-05, momentum=0.1, affine=True, track_running_stats=True)
    (5): ReLU()
    (6): ConvTranspose2d(128, 64, kernel_size=(4, 4), stride=(2, 2), padding=(1, 1))
    (7): BatchNorm2d(64, eps=1e-05, momentum=0.1, affine=True, track_running_stats=True)
    (8): ReLU()
    (9): ConvTranspose2d(64, 3, kernel_size=(4, 4), stride=(2, 2), padding=(1, 1))
    (10): Sigmoid()
  )
)
2025-02-14 00:34:09,482 INFO: Epoch 1/20: Train Loss = 1209788047491547.5000, Val Loss = 0.0553
2025-02-14 00:34:10,280 INFO: Saved best model at epoch 1 with Val Loss = 0.0553
2025-02-14 00:34:20,625 INFO: Epoch 2/20: Train Loss = 0.0336, Val Loss = 0.2981
2025-02-14 00:34:30,816 INFO: Epoch 3/20: Train Loss = 0.0314, Val Loss = 0.0466
2025-02-14 00:34:31,535 INFO: Saved best model at epoch 3 with Val Loss = 0.0466
2025-02-14 00:34:42,108 INFO: Epoch 4/20: Train Loss = 0.0315, Val Loss = 0.0376
2025-02-14 00:34:42,809 INFO: Saved best model at epoch 4 with Val Loss = 0.0376
2025-02-14 00:34:53,046 INFO: Epoch 5/20: Train Loss = 0.0801, Val Loss = 0.0363
2025-02-14 00:34:53,535 INFO: Saved best model at epoch 5 with Val Loss = 0.0363
2025-02-14 00:35:04,003 INFO: Epoch 6/20: Train Loss = 0.0309, Val Loss = 0.0361
2025-02-14 00:35:04,729 INFO: Saved best model at epoch 6 with Val Loss = 0.0361
2025-02-14 00:35:15,178 INFO: Epoch 7/20: Train Loss = 0.1623, Val Loss = 0.0363
2025-02-14 00:35:25,694 INFO: Epoch 8/20: Train Loss = 0.0311, Val Loss = 0.0516
2025-02-14 00:35:36,048 INFO: Epoch 9/20: Train Loss = 0.0402, Val Loss = 0.0465
2025-02-14 00:35:46,286 INFO: Epoch 10/20: Train Loss = 0.0316, Val Loss = 0.0371
2025-02-14 00:35:56,865 INFO: Epoch 11/20: Train Loss = 0.0313, Val Loss = 0.0367
2025-02-14 00:36:07,261 INFO: Epoch 12/20: Train Loss = 20462.0437, Val Loss = 0.0366
2025-02-14 00:36:17,658 INFO: Epoch 13/20: Train Loss = 0.0309, Val Loss = 4.1562
2025-02-14 00:36:28,093 INFO: Epoch 14/20: Train Loss = 0.0319, Val Loss = 2918.3132
2025-02-14 00:36:38,182 INFO: Epoch 15/20: Train Loss = 0.0317, Val Loss = 0.0367
2025-02-14 00:36:48,721 INFO: Epoch 16/20: Train Loss = 0.0311, Val Loss = 0.0366
2025-02-14 00:36:59,181 INFO: Epoch 17/20: Train Loss = 0.0309, Val Loss = 0.0361
2025-02-14 00:37:09,812 INFO: Epoch 18/20: Train Loss = 0.0308, Val Loss = 0.0360
2025-02-14 00:37:10,298 INFO: Saved best model at epoch 18 with Val Loss = 0.0360
2025-02-14 00:37:20,905 INFO: Epoch 19/20: Train Loss = 0.0663, Val Loss = 0.0361
2025-02-14 00:37:31,592 INFO: Epoch 20/20: Train Loss = 16.4550, Val Loss = 0.0363
2025-02-14 00:37:32,222 INFO: Saved model and history to:
/media/Ittwin/E/_uni/DL_Project/tiger-fox-elephant/weights/fox_vae_model.pth
/media/Ittwin/E/_uni/DL_Project/tiger-fox-elephant/weights/fox_vae_history.npz
2025-02-14 00:47:36,417 INFO: Configuration:
2025-02-14 00:47:36,417 INFO: IMG_SIZE: 224, BATCH_SIZE: 256, LR: 0.001, EPOCHS: 20
2025-02-14 00:47:36,418 INFO: Device: cuda
2025-02-14 00:47:36,792 INFO: Target class: fox, Train samples: 4549, Val samples: 1299
2025-02-14 00:47:36,792 INFO: Input (grayscale) transform pipeline:
2025-02-14 00:47:36,792 INFO: ToPILImage()
2025-02-14 00:47:36,793 INFO: Resize(size=(224, 224), interpolation=bilinear, max_size=None, antialias=True)
2025-02-14 00:47:36,793 INFO: Grayscale(num_output_channels=1)
2025-02-14 00:47:36,793 INFO: ToTensor()
2025-02-14 00:47:36,793 INFO: Target (color) transform pipeline:
2025-02-14 00:47:36,794 INFO: ToPILImage()
2025-02-14 00:47:36,794 INFO: Resize(size=(224, 224), interpolation=bilinear, max_size=None, antialias=True)
2025-02-14 00:47:36,794 INFO: ToTensor()
2025-02-14 00:47:37,035 INFO: Model architecture:
UNetVAE(
  (enc1): Sequential(
    (0): Conv2d(1, 64, kernel_size=(3, 3), stride=(1, 1), padding=(1, 1))
    (1): BatchNorm2d(64, eps=1e-05, momentum=0.1, affine=True, track_running_stats=True)
    (2): ReLU(inplace=True)
    (3): Conv2d(64, 64, kernel_size=(3, 3), stride=(1, 1), padding=(1, 1))
    (4): BatchNorm2d(64, eps=1e-05, momentum=0.1, affine=True, track_running_stats=True)
    (5): ReLU(inplace=True)
  )
  (pool1): MaxPool2d(kernel_size=2, stride=2, padding=0, dilation=1, ceil_mode=False)
  (enc2): Sequential(
    (0): Conv2d(64, 128, kernel_size=(3, 3), stride=(1, 1), padding=(1, 1))
    (1): BatchNorm2d(128, eps=1e-05, momentum=0.1, affine=True, track_running_stats=True)
    (2): ReLU(inplace=True)
    (3): Conv2d(128, 128, kernel_size=(3, 3), stride=(1, 1), padding=(1, 1))
    (4): BatchNorm2d(128, eps=1e-05, momentum=0.1, affine=True, track_running_stats=True)
    (5): ReLU(inplace=True)
  )
  (pool2): MaxPool2d(kernel_size=2, stride=2, padding=0, dilation=1, ceil_mode=False)
  (enc3): Sequential(
    (0): Conv2d(128, 256, kernel_size=(3, 3), stride=(1, 1), padding=(1, 1))
    (1): BatchNorm2d(256, eps=1e-05, momentum=0.1, affine=True, track_running_stats=True)
    (2): ReLU(inplace=True)
    (3): Conv2d(256, 256, kernel_size=(3, 3), stride=(1, 1), padding=(1, 1))
    (4): BatchNorm2d(256, eps=1e-05, momentum=0.1, affine=True, track_running_stats=True)
    (5): ReLU(inplace=True)
  )
  (pool3): MaxPool2d(kernel_size=2, stride=2, padding=0, dilation=1, ceil_mode=False)
  (enc4): Sequential(
    (0): Conv2d(256, 512, kernel_size=(3, 3), stride=(1, 1), padding=(1, 1))
    (1): BatchNorm2d(512, eps=1e-05, momentum=0.1, affine=True, track_running_stats=True)
    (2): ReLU(inplace=True)
    (3): Conv2d(512, 512, kernel_size=(3, 3), stride=(1, 1), padding=(1, 1))
    (4): BatchNorm2d(512, eps=1e-05, momentum=0.1, affine=True, track_running_stats=True)
    (5): ReLU(inplace=True)
  )
  (pool4): MaxPool2d(kernel_size=2, stride=2, padding=0, dilation=1, ceil_mode=False)
  (fc_mu): Linear(in_features=100352, out_features=128, bias=True)
  (fc_logvar): Linear(in_features=100352, out_features=128, bias=True)
  (fc_decode): Linear(in_features=128, out_features=100352, bias=True)
  (up): Upsample(scale_factor=2.0, mode='nearest')
  (dec4): Sequential(
    (0): Conv2d(1024, 256, kernel_size=(3, 3), stride=(1, 1), padding=(1, 1))
    (1): BatchNorm2d(256, eps=1e-05, momentum=0.1, affine=True, track_running_stats=True)
    (2): ReLU(inplace=True)
    (3): Conv2d(256, 256, kernel_size=(3, 3), stride=(1, 1), padding=(1, 1))
    (4): BatchNorm2d(256, eps=1e-05, momentum=0.1, affine=True, track_running_stats=True)
    (5): ReLU(inplace=True)
  )
  (dec3): Sequential(
    (0): Conv2d(512, 128, kernel_size=(3, 3), stride=(1, 1), padding=(1, 1))
    (1): BatchNorm2d(128, eps=1e-05, momentum=0.1, affine=True, track_running_stats=True)
    (2): ReLU(inplace=True)
    (3): Conv2d(128, 128, kernel_size=(3, 3), stride=(1, 1), padding=(1, 1))
    (4): BatchNorm2d(128, eps=1e-05, momentum=0.1, affine=True, track_running_stats=True)
    (5): ReLU(inplace=True)
  )
  (dec2): Sequential(
    (0): Conv2d(256, 64, kernel_size=(3, 3), stride=(1, 1), padding=(1, 1))
    (1): BatchNorm2d(64, eps=1e-05, momentum=0.1, affine=True, track_running_stats=True)
    (2): ReLU(inplace=True)
    (3): Conv2d(64, 64, kernel_size=(3, 3), stride=(1, 1), padding=(1, 1))
    (4): BatchNorm2d(64, eps=1e-05, momentum=0.1, affine=True, track_running_stats=True)
    (5): ReLU(inplace=True)
  )
  (dec1): Sequential(
    (0): Conv2d(128, 3, kernel_size=(3, 3), stride=(1, 1), padding=(1, 1))
    (1): Sigmoid()
  )
)
2025-02-14 00:47:58,512 INFO: Configuration:
2025-02-14 00:47:58,513 INFO: IMG_SIZE: 224, BATCH_SIZE: 256, LR: 0.001, EPOCHS: 20
2025-02-14 00:47:58,513 INFO: Device: cuda
2025-02-14 00:47:58,888 INFO: Target class: fox, Train samples: 4549, Val samples: 1299
2025-02-14 00:47:58,888 INFO: Input (grayscale) transform pipeline:
2025-02-14 00:47:58,889 INFO: ToPILImage()
2025-02-14 00:47:58,889 INFO: Resize(size=(224, 224), interpolation=bilinear, max_size=None, antialias=True)
2025-02-14 00:47:58,889 INFO: Grayscale(num_output_channels=1)
2025-02-14 00:47:58,889 INFO: ToTensor()
2025-02-14 00:47:58,890 INFO: Target (color) transform pipeline:
2025-02-14 00:47:58,890 INFO: ToPILImage()
2025-02-14 00:47:58,890 INFO: Resize(size=(224, 224), interpolation=bilinear, max_size=None, antialias=True)
2025-02-14 00:47:58,890 INFO: ToTensor()
2025-02-14 00:47:59,133 INFO: Model architecture:
UNetVAE(
  (enc1): Sequential(
    (0): Conv2d(1, 64, kernel_size=(3, 3), stride=(1, 1), padding=(1, 1))
    (1): BatchNorm2d(64, eps=1e-05, momentum=0.1, affine=True, track_running_stats=True)
    (2): ReLU(inplace=True)
    (3): Conv2d(64, 64, kernel_size=(3, 3), stride=(1, 1), padding=(1, 1))
    (4): BatchNorm2d(64, eps=1e-05, momentum=0.1, affine=True, track_running_stats=True)
    (5): ReLU(inplace=True)
  )
  (pool1): MaxPool2d(kernel_size=2, stride=2, padding=0, dilation=1, ceil_mode=False)
  (enc2): Sequential(
    (0): Conv2d(64, 128, kernel_size=(3, 3), stride=(1, 1), padding=(1, 1))
    (1): BatchNorm2d(128, eps=1e-05, momentum=0.1, affine=True, track_running_stats=True)
    (2): ReLU(inplace=True)
    (3): Conv2d(128, 128, kernel_size=(3, 3), stride=(1, 1), padding=(1, 1))
    (4): BatchNorm2d(128, eps=1e-05, momentum=0.1, affine=True, track_running_stats=True)
    (5): ReLU(inplace=True)
  )
  (pool2): MaxPool2d(kernel_size=2, stride=2, padding=0, dilation=1, ceil_mode=False)
  (enc3): Sequential(
    (0): Conv2d(128, 256, kernel_size=(3, 3), stride=(1, 1), padding=(1, 1))
    (1): BatchNorm2d(256, eps=1e-05, momentum=0.1, affine=True, track_running_stats=True)
    (2): ReLU(inplace=True)
    (3): Conv2d(256, 256, kernel_size=(3, 3), stride=(1, 1), padding=(1, 1))
    (4): BatchNorm2d(256, eps=1e-05, momentum=0.1, affine=True, track_running_stats=True)
    (5): ReLU(inplace=True)
  )
  (pool3): MaxPool2d(kernel_size=2, stride=2, padding=0, dilation=1, ceil_mode=False)
  (enc4): Sequential(
    (0): Conv2d(256, 512, kernel_size=(3, 3), stride=(1, 1), padding=(1, 1))
    (1): BatchNorm2d(512, eps=1e-05, momentum=0.1, affine=True, track_running_stats=True)
    (2): ReLU(inplace=True)
    (3): Conv2d(512, 512, kernel_size=(3, 3), stride=(1, 1), padding=(1, 1))
    (4): BatchNorm2d(512, eps=1e-05, momentum=0.1, affine=True, track_running_stats=True)
    (5): ReLU(inplace=True)
  )
  (pool4): MaxPool2d(kernel_size=2, stride=2, padding=0, dilation=1, ceil_mode=False)
  (fc_mu): Linear(in_features=100352, out_features=128, bias=True)
  (fc_logvar): Linear(in_features=100352, out_features=128, bias=True)
  (fc_decode): Linear(in_features=128, out_features=100352, bias=True)
  (up): Upsample(scale_factor=2.0, mode='nearest')
  (dec4): Sequential(
    (0): Conv2d(1024, 256, kernel_size=(3, 3), stride=(1, 1), padding=(1, 1))
    (1): BatchNorm2d(256, eps=1e-05, momentum=0.1, affine=True, track_running_stats=True)
    (2): ReLU(inplace=True)
    (3): Conv2d(256, 256, kernel_size=(3, 3), stride=(1, 1), padding=(1, 1))
    (4): BatchNorm2d(256, eps=1e-05, momentum=0.1, affine=True, track_running_stats=True)
    (5): ReLU(inplace=True)
  )
  (dec3): Sequential(
    (0): Conv2d(512, 128, kernel_size=(3, 3), stride=(1, 1), padding=(1, 1))
    (1): BatchNorm2d(128, eps=1e-05, momentum=0.1, affine=True, track_running_stats=True)
    (2): ReLU(inplace=True)
    (3): Conv2d(128, 128, kernel_size=(3, 3), stride=(1, 1), padding=(1, 1))
    (4): BatchNorm2d(128, eps=1e-05, momentum=0.1, affine=True, track_running_stats=True)
    (5): ReLU(inplace=True)
  )
  (dec2): Sequential(
    (0): Conv2d(256, 64, kernel_size=(3, 3), stride=(1, 1), padding=(1, 1))
    (1): BatchNorm2d(64, eps=1e-05, momentum=0.1, affine=True, track_running_stats=True)
    (2): ReLU(inplace=True)
    (3): Conv2d(64, 64, kernel_size=(3, 3), stride=(1, 1), padding=(1, 1))
    (4): BatchNorm2d(64, eps=1e-05, momentum=0.1, affine=True, track_running_stats=True)
    (5): ReLU(inplace=True)
  )
  (dec1): Sequential(
    (0): Conv2d(128, 3, kernel_size=(3, 3), stride=(1, 1), padding=(1, 1))
    (1): Sigmoid()
  )
)
2025-02-14 00:48:22,569 INFO: Configuration:
2025-02-14 00:48:22,569 INFO: IMG_SIZE: 224, BATCH_SIZE: 200, LR: 0.001, EPOCHS: 20
2025-02-14 00:48:22,570 INFO: Device: cuda
2025-02-14 00:48:22,946 INFO: Target class: fox, Train samples: 4549, Val samples: 1299
2025-02-14 00:48:22,947 INFO: Input (grayscale) transform pipeline:
2025-02-14 00:48:22,947 INFO: ToPILImage()
2025-02-14 00:48:22,947 INFO: Resize(size=(224, 224), interpolation=bilinear, max_size=None, antialias=True)
2025-02-14 00:48:22,947 INFO: Grayscale(num_output_channels=1)
2025-02-14 00:48:22,947 INFO: ToTensor()
2025-02-14 00:48:22,947 INFO: Target (color) transform pipeline:
2025-02-14 00:48:22,947 INFO: ToPILImage()
2025-02-14 00:48:22,948 INFO: Resize(size=(224, 224), interpolation=bilinear, max_size=None, antialias=True)
2025-02-14 00:48:22,948 INFO: ToTensor()
2025-02-14 00:48:23,229 INFO: Model architecture:
UNetVAE(
  (enc1): Sequential(
    (0): Conv2d(1, 64, kernel_size=(3, 3), stride=(1, 1), padding=(1, 1))
    (1): BatchNorm2d(64, eps=1e-05, momentum=0.1, affine=True, track_running_stats=True)
    (2): ReLU(inplace=True)
    (3): Conv2d(64, 64, kernel_size=(3, 3), stride=(1, 1), padding=(1, 1))
    (4): BatchNorm2d(64, eps=1e-05, momentum=0.1, affine=True, track_running_stats=True)
    (5): ReLU(inplace=True)
  )
  (pool1): MaxPool2d(kernel_size=2, stride=2, padding=0, dilation=1, ceil_mode=False)
  (enc2): Sequential(
    (0): Conv2d(64, 128, kernel_size=(3, 3), stride=(1, 1), padding=(1, 1))
    (1): BatchNorm2d(128, eps=1e-05, momentum=0.1, affine=True, track_running_stats=True)
    (2): ReLU(inplace=True)
    (3): Conv2d(128, 128, kernel_size=(3, 3), stride=(1, 1), padding=(1, 1))
    (4): BatchNorm2d(128, eps=1e-05, momentum=0.1, affine=True, track_running_stats=True)
    (5): ReLU(inplace=True)
  )
  (pool2): MaxPool2d(kernel_size=2, stride=2, padding=0, dilation=1, ceil_mode=False)
  (enc3): Sequential(
    (0): Conv2d(128, 256, kernel_size=(3, 3), stride=(1, 1), padding=(1, 1))
    (1): BatchNorm2d(256, eps=1e-05, momentum=0.1, affine=True, track_running_stats=True)
    (2): ReLU(inplace=True)
    (3): Conv2d(256, 256, kernel_size=(3, 3), stride=(1, 1), padding=(1, 1))
    (4): BatchNorm2d(256, eps=1e-05, momentum=0.1, affine=True, track_running_stats=True)
    (5): ReLU(inplace=True)
  )
  (pool3): MaxPool2d(kernel_size=2, stride=2, padding=0, dilation=1, ceil_mode=False)
  (enc4): Sequential(
    (0): Conv2d(256, 512, kernel_size=(3, 3), stride=(1, 1), padding=(1, 1))
    (1): BatchNorm2d(512, eps=1e-05, momentum=0.1, affine=True, track_running_stats=True)
    (2): ReLU(inplace=True)
    (3): Conv2d(512, 512, kernel_size=(3, 3), stride=(1, 1), padding=(1, 1))
    (4): BatchNorm2d(512, eps=1e-05, momentum=0.1, affine=True, track_running_stats=True)
    (5): ReLU(inplace=True)
  )
  (pool4): MaxPool2d(kernel_size=2, stride=2, padding=0, dilation=1, ceil_mode=False)
  (fc_mu): Linear(in_features=100352, out_features=128, bias=True)
  (fc_logvar): Linear(in_features=100352, out_features=128, bias=True)
  (fc_decode): Linear(in_features=128, out_features=100352, bias=True)
  (up): Upsample(scale_factor=2.0, mode='nearest')
  (dec4): Sequential(
    (0): Conv2d(1024, 256, kernel_size=(3, 3), stride=(1, 1), padding=(1, 1))
    (1): BatchNorm2d(256, eps=1e-05, momentum=0.1, affine=True, track_running_stats=True)
    (2): ReLU(inplace=True)
    (3): Conv2d(256, 256, kernel_size=(3, 3), stride=(1, 1), padding=(1, 1))
    (4): BatchNorm2d(256, eps=1e-05, momentum=0.1, affine=True, track_running_stats=True)
    (5): ReLU(inplace=True)
  )
  (dec3): Sequential(
    (0): Conv2d(512, 128, kernel_size=(3, 3), stride=(1, 1), padding=(1, 1))
    (1): BatchNorm2d(128, eps=1e-05, momentum=0.1, affine=True, track_running_stats=True)
    (2): ReLU(inplace=True)
    (3): Conv2d(128, 128, kernel_size=(3, 3), stride=(1, 1), padding=(1, 1))
    (4): BatchNorm2d(128, eps=1e-05, momentum=0.1, affine=True, track_running_stats=True)
    (5): ReLU(inplace=True)
  )
  (dec2): Sequential(
    (0): Conv2d(256, 64, kernel_size=(3, 3), stride=(1, 1), padding=(1, 1))
    (1): BatchNorm2d(64, eps=1e-05, momentum=0.1, affine=True, track_running_stats=True)
    (2): ReLU(inplace=True)
    (3): Conv2d(64, 64, kernel_size=(3, 3), stride=(1, 1), padding=(1, 1))
    (4): BatchNorm2d(64, eps=1e-05, momentum=0.1, affine=True, track_running_stats=True)
    (5): ReLU(inplace=True)
  )
  (dec1): Sequential(
    (0): Conv2d(128, 3, kernel_size=(3, 3), stride=(1, 1), padding=(1, 1))
    (1): Sigmoid()
  )
)
2025-02-14 00:48:47,803 INFO: Configuration:
2025-02-14 00:48:47,803 INFO: IMG_SIZE: 224, BATCH_SIZE: 164, LR: 0.001, EPOCHS: 20
2025-02-14 00:48:47,804 INFO: Device: cuda
2025-02-14 00:48:48,264 INFO: Target class: fox, Train samples: 4549, Val samples: 1299
2025-02-14 00:48:48,265 INFO: Input (grayscale) transform pipeline:
2025-02-14 00:48:48,265 INFO: ToPILImage()
2025-02-14 00:48:48,265 INFO: Resize(size=(224, 224), interpolation=bilinear, max_size=None, antialias=True)
2025-02-14 00:48:48,265 INFO: Grayscale(num_output_channels=1)
2025-02-14 00:48:48,265 INFO: ToTensor()
2025-02-14 00:48:48,266 INFO: Target (color) transform pipeline:
2025-02-14 00:48:48,266 INFO: ToPILImage()
2025-02-14 00:48:48,266 INFO: Resize(size=(224, 224), interpolation=bilinear, max_size=None, antialias=True)
2025-02-14 00:48:48,266 INFO: ToTensor()
2025-02-14 00:48:48,716 INFO: Model architecture:
UNetVAE(
  (enc1): Sequential(
    (0): Conv2d(1, 64, kernel_size=(3, 3), stride=(1, 1), padding=(1, 1))
    (1): BatchNorm2d(64, eps=1e-05, momentum=0.1, affine=True, track_running_stats=True)
    (2): ReLU(inplace=True)
    (3): Conv2d(64, 64, kernel_size=(3, 3), stride=(1, 1), padding=(1, 1))
    (4): BatchNorm2d(64, eps=1e-05, momentum=0.1, affine=True, track_running_stats=True)
    (5): ReLU(inplace=True)
  )
  (pool1): MaxPool2d(kernel_size=2, stride=2, padding=0, dilation=1, ceil_mode=False)
  (enc2): Sequential(
    (0): Conv2d(64, 128, kernel_size=(3, 3), stride=(1, 1), padding=(1, 1))
    (1): BatchNorm2d(128, eps=1e-05, momentum=0.1, affine=True, track_running_stats=True)
    (2): ReLU(inplace=True)
    (3): Conv2d(128, 128, kernel_size=(3, 3), stride=(1, 1), padding=(1, 1))
    (4): BatchNorm2d(128, eps=1e-05, momentum=0.1, affine=True, track_running_stats=True)
    (5): ReLU(inplace=True)
  )
  (pool2): MaxPool2d(kernel_size=2, stride=2, padding=0, dilation=1, ceil_mode=False)
  (enc3): Sequential(
    (0): Conv2d(128, 256, kernel_size=(3, 3), stride=(1, 1), padding=(1, 1))
    (1): BatchNorm2d(256, eps=1e-05, momentum=0.1, affine=True, track_running_stats=True)
    (2): ReLU(inplace=True)
    (3): Conv2d(256, 256, kernel_size=(3, 3), stride=(1, 1), padding=(1, 1))
    (4): BatchNorm2d(256, eps=1e-05, momentum=0.1, affine=True, track_running_stats=True)
    (5): ReLU(inplace=True)
  )
  (pool3): MaxPool2d(kernel_size=2, stride=2, padding=0, dilation=1, ceil_mode=False)
  (enc4): Sequential(
    (0): Conv2d(256, 512, kernel_size=(3, 3), stride=(1, 1), padding=(1, 1))
    (1): BatchNorm2d(512, eps=1e-05, momentum=0.1, affine=True, track_running_stats=True)
    (2): ReLU(inplace=True)
    (3): Conv2d(512, 512, kernel_size=(3, 3), stride=(1, 1), padding=(1, 1))
    (4): BatchNorm2d(512, eps=1e-05, momentum=0.1, affine=True, track_running_stats=True)
    (5): ReLU(inplace=True)
  )
  (pool4): MaxPool2d(kernel_size=2, stride=2, padding=0, dilation=1, ceil_mode=False)
  (fc_mu): Linear(in_features=100352, out_features=128, bias=True)
  (fc_logvar): Linear(in_features=100352, out_features=128, bias=True)
  (fc_decode): Linear(in_features=128, out_features=100352, bias=True)
  (up): Upsample(scale_factor=2.0, mode='nearest')
  (dec4): Sequential(
    (0): Conv2d(1024, 256, kernel_size=(3, 3), stride=(1, 1), padding=(1, 1))
    (1): BatchNorm2d(256, eps=1e-05, momentum=0.1, affine=True, track_running_stats=True)
    (2): ReLU(inplace=True)
    (3): Conv2d(256, 256, kernel_size=(3, 3), stride=(1, 1), padding=(1, 1))
    (4): BatchNorm2d(256, eps=1e-05, momentum=0.1, affine=True, track_running_stats=True)
    (5): ReLU(inplace=True)
  )
  (dec3): Sequential(
    (0): Conv2d(512, 128, kernel_size=(3, 3), stride=(1, 1), padding=(1, 1))
    (1): BatchNorm2d(128, eps=1e-05, momentum=0.1, affine=True, track_running_stats=True)
    (2): ReLU(inplace=True)
    (3): Conv2d(128, 128, kernel_size=(3, 3), stride=(1, 1), padding=(1, 1))
    (4): BatchNorm2d(128, eps=1e-05, momentum=0.1, affine=True, track_running_stats=True)
    (5): ReLU(inplace=True)
  )
  (dec2): Sequential(
    (0): Conv2d(256, 64, kernel_size=(3, 3), stride=(1, 1), padding=(1, 1))
    (1): BatchNorm2d(64, eps=1e-05, momentum=0.1, affine=True, track_running_stats=True)
    (2): ReLU(inplace=True)
    (3): Conv2d(64, 64, kernel_size=(3, 3), stride=(1, 1), padding=(1, 1))
    (4): BatchNorm2d(64, eps=1e-05, momentum=0.1, affine=True, track_running_stats=True)
    (5): ReLU(inplace=True)
  )
  (dec1): Sequential(
    (0): Conv2d(128, 3, kernel_size=(3, 3), stride=(1, 1), padding=(1, 1))
    (1): Sigmoid()
  )
)
2025-02-14 00:49:43,470 INFO: Configuration:
2025-02-14 00:49:43,470 INFO: IMG_SIZE: 224, BATCH_SIZE: 64, LR: 0.001, EPOCHS: 20
2025-02-14 00:49:43,470 INFO: Device: cuda
2025-02-14 00:49:43,841 INFO: Target class: fox, Train samples: 4549, Val samples: 1299
2025-02-14 00:49:43,841 INFO: Input (grayscale) transform pipeline:
2025-02-14 00:49:43,842 INFO: ToPILImage()
2025-02-14 00:49:43,842 INFO: Resize(size=(224, 224), interpolation=bilinear, max_size=None, antialias=True)
2025-02-14 00:49:43,842 INFO: Grayscale(num_output_channels=1)
2025-02-14 00:49:43,842 INFO: ToTensor()
2025-02-14 00:49:43,842 INFO: Target (color) transform pipeline:
2025-02-14 00:49:43,842 INFO: ToPILImage()
2025-02-14 00:49:43,843 INFO: Resize(size=(224, 224), interpolation=bilinear, max_size=None, antialias=True)
2025-02-14 00:49:43,843 INFO: ToTensor()
2025-02-14 00:49:44,078 INFO: Model architecture:
UNetVAE(
  (enc1): Sequential(
    (0): Conv2d(1, 64, kernel_size=(3, 3), stride=(1, 1), padding=(1, 1))
    (1): BatchNorm2d(64, eps=1e-05, momentum=0.1, affine=True, track_running_stats=True)
    (2): ReLU(inplace=True)
    (3): Conv2d(64, 64, kernel_size=(3, 3), stride=(1, 1), padding=(1, 1))
    (4): BatchNorm2d(64, eps=1e-05, momentum=0.1, affine=True, track_running_stats=True)
    (5): ReLU(inplace=True)
  )
  (pool1): MaxPool2d(kernel_size=2, stride=2, padding=0, dilation=1, ceil_mode=False)
  (enc2): Sequential(
    (0): Conv2d(64, 128, kernel_size=(3, 3), stride=(1, 1), padding=(1, 1))
    (1): BatchNorm2d(128, eps=1e-05, momentum=0.1, affine=True, track_running_stats=True)
    (2): ReLU(inplace=True)
    (3): Conv2d(128, 128, kernel_size=(3, 3), stride=(1, 1), padding=(1, 1))
    (4): BatchNorm2d(128, eps=1e-05, momentum=0.1, affine=True, track_running_stats=True)
    (5): ReLU(inplace=True)
  )
  (pool2): MaxPool2d(kernel_size=2, stride=2, padding=0, dilation=1, ceil_mode=False)
  (enc3): Sequential(
    (0): Conv2d(128, 256, kernel_size=(3, 3), stride=(1, 1), padding=(1, 1))
    (1): BatchNorm2d(256, eps=1e-05, momentum=0.1, affine=True, track_running_stats=True)
    (2): ReLU(inplace=True)
    (3): Conv2d(256, 256, kernel_size=(3, 3), stride=(1, 1), padding=(1, 1))
    (4): BatchNorm2d(256, eps=1e-05, momentum=0.1, affine=True, track_running_stats=True)
    (5): ReLU(inplace=True)
  )
  (pool3): MaxPool2d(kernel_size=2, stride=2, padding=0, dilation=1, ceil_mode=False)
  (enc4): Sequential(
    (0): Conv2d(256, 512, kernel_size=(3, 3), stride=(1, 1), padding=(1, 1))
    (1): BatchNorm2d(512, eps=1e-05, momentum=0.1, affine=True, track_running_stats=True)
    (2): ReLU(inplace=True)
    (3): Conv2d(512, 512, kernel_size=(3, 3), stride=(1, 1), padding=(1, 1))
    (4): BatchNorm2d(512, eps=1e-05, momentum=0.1, affine=True, track_running_stats=True)
    (5): ReLU(inplace=True)
  )
  (pool4): MaxPool2d(kernel_size=2, stride=2, padding=0, dilation=1, ceil_mode=False)
  (fc_mu): Linear(in_features=100352, out_features=128, bias=True)
  (fc_logvar): Linear(in_features=100352, out_features=128, bias=True)
  (fc_decode): Linear(in_features=128, out_features=100352, bias=True)
  (up): Upsample(scale_factor=2.0, mode='nearest')
  (dec4): Sequential(
    (0): Conv2d(1024, 256, kernel_size=(3, 3), stride=(1, 1), padding=(1, 1))
    (1): BatchNorm2d(256, eps=1e-05, momentum=0.1, affine=True, track_running_stats=True)
    (2): ReLU(inplace=True)
    (3): Conv2d(256, 256, kernel_size=(3, 3), stride=(1, 1), padding=(1, 1))
    (4): BatchNorm2d(256, eps=1e-05, momentum=0.1, affine=True, track_running_stats=True)
    (5): ReLU(inplace=True)
  )
  (dec3): Sequential(
    (0): Conv2d(512, 128, kernel_size=(3, 3), stride=(1, 1), padding=(1, 1))
    (1): BatchNorm2d(128, eps=1e-05, momentum=0.1, affine=True, track_running_stats=True)
    (2): ReLU(inplace=True)
    (3): Conv2d(128, 128, kernel_size=(3, 3), stride=(1, 1), padding=(1, 1))
    (4): BatchNorm2d(128, eps=1e-05, momentum=0.1, affine=True, track_running_stats=True)
    (5): ReLU(inplace=True)
  )
  (dec2): Sequential(
    (0): Conv2d(256, 64, kernel_size=(3, 3), stride=(1, 1), padding=(1, 1))
    (1): BatchNorm2d(64, eps=1e-05, momentum=0.1, affine=True, track_running_stats=True)
    (2): ReLU(inplace=True)
    (3): Conv2d(64, 64, kernel_size=(3, 3), stride=(1, 1), padding=(1, 1))
    (4): BatchNorm2d(64, eps=1e-05, momentum=0.1, affine=True, track_running_stats=True)
    (5): ReLU(inplace=True)
  )
  (dec1): Sequential(
    (0): Conv2d(128, 3, kernel_size=(3, 3), stride=(1, 1), padding=(1, 1))
    (1): Sigmoid()
  )
)
2025-02-14 00:50:38,931 INFO: Configuration:
2025-02-14 00:50:38,931 INFO: IMG_SIZE: 224, BATCH_SIZE: 32, LR: 0.001, EPOCHS: 20
2025-02-14 00:50:38,932 INFO: Device: cuda
2025-02-14 00:50:39,385 INFO: Target class: fox, Train samples: 4549, Val samples: 1299
2025-02-14 00:50:39,386 INFO: Input (grayscale) transform pipeline:
2025-02-14 00:50:39,386 INFO: ToPILImage()
2025-02-14 00:50:39,386 INFO: Resize(size=(224, 224), interpolation=bilinear, max_size=None, antialias=True)
2025-02-14 00:50:39,386 INFO: Grayscale(num_output_channels=1)
2025-02-14 00:50:39,387 INFO: ToTensor()
2025-02-14 00:50:39,387 INFO: Target (color) transform pipeline:
2025-02-14 00:50:39,387 INFO: ToPILImage()
2025-02-14 00:50:39,388 INFO: Resize(size=(224, 224), interpolation=bilinear, max_size=None, antialias=True)
2025-02-14 00:50:39,388 INFO: ToTensor()
2025-02-14 00:50:39,847 INFO: Model architecture:
UNetVAE(
  (enc1): Sequential(
    (0): Conv2d(1, 64, kernel_size=(3, 3), stride=(1, 1), padding=(1, 1))
    (1): BatchNorm2d(64, eps=1e-05, momentum=0.1, affine=True, track_running_stats=True)
    (2): ReLU(inplace=True)
    (3): Conv2d(64, 64, kernel_size=(3, 3), stride=(1, 1), padding=(1, 1))
    (4): BatchNorm2d(64, eps=1e-05, momentum=0.1, affine=True, track_running_stats=True)
    (5): ReLU(inplace=True)
  )
  (pool1): MaxPool2d(kernel_size=2, stride=2, padding=0, dilation=1, ceil_mode=False)
  (enc2): Sequential(
    (0): Conv2d(64, 128, kernel_size=(3, 3), stride=(1, 1), padding=(1, 1))
    (1): BatchNorm2d(128, eps=1e-05, momentum=0.1, affine=True, track_running_stats=True)
    (2): ReLU(inplace=True)
    (3): Conv2d(128, 128, kernel_size=(3, 3), stride=(1, 1), padding=(1, 1))
    (4): BatchNorm2d(128, eps=1e-05, momentum=0.1, affine=True, track_running_stats=True)
    (5): ReLU(inplace=True)
  )
  (pool2): MaxPool2d(kernel_size=2, stride=2, padding=0, dilation=1, ceil_mode=False)
  (enc3): Sequential(
    (0): Conv2d(128, 256, kernel_size=(3, 3), stride=(1, 1), padding=(1, 1))
    (1): BatchNorm2d(256, eps=1e-05, momentum=0.1, affine=True, track_running_stats=True)
    (2): ReLU(inplace=True)
    (3): Conv2d(256, 256, kernel_size=(3, 3), stride=(1, 1), padding=(1, 1))
    (4): BatchNorm2d(256, eps=1e-05, momentum=0.1, affine=True, track_running_stats=True)
    (5): ReLU(inplace=True)
  )
  (pool3): MaxPool2d(kernel_size=2, stride=2, padding=0, dilation=1, ceil_mode=False)
  (enc4): Sequential(
    (0): Conv2d(256, 512, kernel_size=(3, 3), stride=(1, 1), padding=(1, 1))
    (1): BatchNorm2d(512, eps=1e-05, momentum=0.1, affine=True, track_running_stats=True)
    (2): ReLU(inplace=True)
    (3): Conv2d(512, 512, kernel_size=(3, 3), stride=(1, 1), padding=(1, 1))
    (4): BatchNorm2d(512, eps=1e-05, momentum=0.1, affine=True, track_running_stats=True)
    (5): ReLU(inplace=True)
  )
  (pool4): MaxPool2d(kernel_size=2, stride=2, padding=0, dilation=1, ceil_mode=False)
  (fc_mu): Linear(in_features=100352, out_features=128, bias=True)
  (fc_logvar): Linear(in_features=100352, out_features=128, bias=True)
  (fc_decode): Linear(in_features=128, out_features=100352, bias=True)
  (up): Upsample(scale_factor=2.0, mode='nearest')
  (dec4): Sequential(
    (0): Conv2d(1024, 256, kernel_size=(3, 3), stride=(1, 1), padding=(1, 1))
    (1): BatchNorm2d(256, eps=1e-05, momentum=0.1, affine=True, track_running_stats=True)
    (2): ReLU(inplace=True)
    (3): Conv2d(256, 256, kernel_size=(3, 3), stride=(1, 1), padding=(1, 1))
    (4): BatchNorm2d(256, eps=1e-05, momentum=0.1, affine=True, track_running_stats=True)
    (5): ReLU(inplace=True)
  )
  (dec3): Sequential(
    (0): Conv2d(512, 128, kernel_size=(3, 3), stride=(1, 1), padding=(1, 1))
    (1): BatchNorm2d(128, eps=1e-05, momentum=0.1, affine=True, track_running_stats=True)
    (2): ReLU(inplace=True)
    (3): Conv2d(128, 128, kernel_size=(3, 3), stride=(1, 1), padding=(1, 1))
    (4): BatchNorm2d(128, eps=1e-05, momentum=0.1, affine=True, track_running_stats=True)
    (5): ReLU(inplace=True)
  )
  (dec2): Sequential(
    (0): Conv2d(256, 64, kernel_size=(3, 3), stride=(1, 1), padding=(1, 1))
    (1): BatchNorm2d(64, eps=1e-05, momentum=0.1, affine=True, track_running_stats=True)
    (2): ReLU(inplace=True)
    (3): Conv2d(64, 64, kernel_size=(3, 3), stride=(1, 1), padding=(1, 1))
    (4): BatchNorm2d(64, eps=1e-05, momentum=0.1, affine=True, track_running_stats=True)
    (5): ReLU(inplace=True)
  )
  (dec1): Sequential(
    (0): Conv2d(128, 3, kernel_size=(3, 3), stride=(1, 1), padding=(1, 1))
    (1): Sigmoid()
  )
)
2025-02-14 00:51:30,465 INFO: Epoch 1/20: Train Loss = nan (Recon = nan, KL = nan), Val Loss = nan
2025-02-14 00:52:38,614 INFO: Configuration:
2025-02-14 00:52:38,614 INFO: IMG_SIZE: 224, BATCH_SIZE: 32, LR: 0.001, EPOCHS: 20
2025-02-14 00:52:38,615 INFO: Device: cuda
2025-02-14 00:52:39,121 INFO: Target class: fox, Train samples: 4549, Val samples: 1299
2025-02-14 00:52:39,122 INFO: Input (grayscale) transform pipeline:
2025-02-14 00:52:39,122 INFO: ToPILImage()
2025-02-14 00:52:39,122 INFO: Resize(size=(224, 224), interpolation=bilinear, max_size=None, antialias=True)
2025-02-14 00:52:39,122 INFO: Grayscale(num_output_channels=1)
2025-02-14 00:52:39,123 INFO: ToTensor()
2025-02-14 00:52:39,123 INFO: Target (color) transform pipeline:
2025-02-14 00:52:39,123 INFO: ToPILImage()
2025-02-14 00:52:39,123 INFO: Resize(size=(224, 224), interpolation=bilinear, max_size=None, antialias=True)
2025-02-14 00:52:39,123 INFO: ToTensor()
2025-02-14 00:52:39,454 INFO: Model architecture:
UNetVAE(
  (enc1): Sequential(
    (0): Conv2d(1, 64, kernel_size=(3, 3), stride=(1, 1), padding=(1, 1))
    (1): BatchNorm2d(64, eps=1e-05, momentum=0.1, affine=True, track_running_stats=True)
    (2): ReLU(inplace=True)
    (3): Conv2d(64, 64, kernel_size=(3, 3), stride=(1, 1), padding=(1, 1))
    (4): BatchNorm2d(64, eps=1e-05, momentum=0.1, affine=True, track_running_stats=True)
    (5): ReLU(inplace=True)
  )
  (pool1): MaxPool2d(kernel_size=2, stride=2, padding=0, dilation=1, ceil_mode=False)
  (enc2): Sequential(
    (0): Conv2d(64, 128, kernel_size=(3, 3), stride=(1, 1), padding=(1, 1))
    (1): BatchNorm2d(128, eps=1e-05, momentum=0.1, affine=True, track_running_stats=True)
    (2): ReLU(inplace=True)
    (3): Conv2d(128, 128, kernel_size=(3, 3), stride=(1, 1), padding=(1, 1))
    (4): BatchNorm2d(128, eps=1e-05, momentum=0.1, affine=True, track_running_stats=True)
    (5): ReLU(inplace=True)
  )
  (pool2): MaxPool2d(kernel_size=2, stride=2, padding=0, dilation=1, ceil_mode=False)
  (enc3): Sequential(
    (0): Conv2d(128, 256, kernel_size=(3, 3), stride=(1, 1), padding=(1, 1))
    (1): BatchNorm2d(256, eps=1e-05, momentum=0.1, affine=True, track_running_stats=True)
    (2): ReLU(inplace=True)
    (3): Conv2d(256, 256, kernel_size=(3, 3), stride=(1, 1), padding=(1, 1))
    (4): BatchNorm2d(256, eps=1e-05, momentum=0.1, affine=True, track_running_stats=True)
    (5): ReLU(inplace=True)
  )
  (pool3): MaxPool2d(kernel_size=2, stride=2, padding=0, dilation=1, ceil_mode=False)
  (enc4): Sequential(
    (0): Conv2d(256, 512, kernel_size=(3, 3), stride=(1, 1), padding=(1, 1))
    (1): BatchNorm2d(512, eps=1e-05, momentum=0.1, affine=True, track_running_stats=True)
    (2): ReLU(inplace=True)
    (3): Conv2d(512, 512, kernel_size=(3, 3), stride=(1, 1), padding=(1, 1))
    (4): BatchNorm2d(512, eps=1e-05, momentum=0.1, affine=True, track_running_stats=True)
    (5): ReLU(inplace=True)
  )
  (pool4): MaxPool2d(kernel_size=2, stride=2, padding=0, dilation=1, ceil_mode=False)
  (fc_mu): Linear(in_features=100352, out_features=128, bias=True)
  (fc_logvar): Linear(in_features=100352, out_features=128, bias=True)
  (fc_decode): Linear(in_features=128, out_features=100352, bias=True)
  (up): Upsample(scale_factor=2.0, mode='nearest')
  (dec4): Sequential(
    (0): Conv2d(1024, 256, kernel_size=(3, 3), stride=(1, 1), padding=(1, 1))
    (1): BatchNorm2d(256, eps=1e-05, momentum=0.1, affine=True, track_running_stats=True)
    (2): ReLU(inplace=True)
    (3): Conv2d(256, 256, kernel_size=(3, 3), stride=(1, 1), padding=(1, 1))
    (4): BatchNorm2d(256, eps=1e-05, momentum=0.1, affine=True, track_running_stats=True)
    (5): ReLU(inplace=True)
  )
  (dec3): Sequential(
    (0): Conv2d(512, 128, kernel_size=(3, 3), stride=(1, 1), padding=(1, 1))
    (1): BatchNorm2d(128, eps=1e-05, momentum=0.1, affine=True, track_running_stats=True)
    (2): ReLU(inplace=True)
    (3): Conv2d(128, 128, kernel_size=(3, 3), stride=(1, 1), padding=(1, 1))
    (4): BatchNorm2d(128, eps=1e-05, momentum=0.1, affine=True, track_running_stats=True)
    (5): ReLU(inplace=True)
  )
  (dec2): Sequential(
    (0): Conv2d(256, 64, kernel_size=(3, 3), stride=(1, 1), padding=(1, 1))
    (1): BatchNorm2d(64, eps=1e-05, momentum=0.1, affine=True, track_running_stats=True)
    (2): ReLU(inplace=True)
    (3): Conv2d(64, 64, kernel_size=(3, 3), stride=(1, 1), padding=(1, 1))
    (4): BatchNorm2d(64, eps=1e-05, momentum=0.1, affine=True, track_running_stats=True)
    (5): ReLU(inplace=True)
  )
  (dec1): Sequential(
    (0): Conv2d(128, 3, kernel_size=(3, 3), stride=(1, 1), padding=(1, 1))
    (1): Sigmoid()
  )
)
2025-02-14 00:53:30,876 INFO: Epoch 1/20: Train Loss = 39.7586 (Recon = 0.0661, KL = 3969.2466), Val Loss = 39.6397
2025-02-14 00:53:31,708 INFO: Saved best model at epoch 1 with Val Loss = 39.6397
2025-02-14 00:54:53,955 INFO: Configuration:
2025-02-14 00:54:53,956 INFO: IMG_SIZE: 224, BATCH_SIZE: 32, LR: 0.001, EPOCHS: 20
2025-02-14 00:54:53,956 INFO: Device: cuda
2025-02-14 00:54:54,326 INFO: Target class: fox, Train samples: 4549, Val samples: 1299
2025-02-14 00:54:54,326 INFO: Input (grayscale) transform pipeline:
2025-02-14 00:54:54,327 INFO: ToPILImage()
2025-02-14 00:54:54,327 INFO: Resize(size=(224, 224), interpolation=bilinear, max_size=None, antialias=True)
2025-02-14 00:54:54,327 INFO: Grayscale(num_output_channels=1)
2025-02-14 00:54:54,327 INFO: ToTensor()
2025-02-14 00:54:54,327 INFO: Target (color) transform pipeline:
2025-02-14 00:54:54,328 INFO: ToPILImage()
2025-02-14 00:54:54,328 INFO: Resize(size=(224, 224), interpolation=bilinear, max_size=None, antialias=True)
2025-02-14 00:54:54,328 INFO: ToTensor()
2025-02-14 00:54:54,641 INFO: Model architecture:
UNetVAE(
  (enc1): Sequential(
    (0): Conv2d(1, 64, kernel_size=(3, 3), stride=(1, 1), padding=(1, 1))
    (1): BatchNorm2d(64, eps=1e-05, momentum=0.1, affine=True, track_running_stats=True)
    (2): ReLU(inplace=True)
    (3): Conv2d(64, 64, kernel_size=(3, 3), stride=(1, 1), padding=(1, 1))
    (4): BatchNorm2d(64, eps=1e-05, momentum=0.1, affine=True, track_running_stats=True)
    (5): ReLU(inplace=True)
  )
  (pool1): MaxPool2d(kernel_size=2, stride=2, padding=0, dilation=1, ceil_mode=False)
  (enc2): Sequential(
    (0): Conv2d(64, 128, kernel_size=(3, 3), stride=(1, 1), padding=(1, 1))
    (1): BatchNorm2d(128, eps=1e-05, momentum=0.1, affine=True, track_running_stats=True)
    (2): ReLU(inplace=True)
    (3): Conv2d(128, 128, kernel_size=(3, 3), stride=(1, 1), padding=(1, 1))
    (4): BatchNorm2d(128, eps=1e-05, momentum=0.1, affine=True, track_running_stats=True)
    (5): ReLU(inplace=True)
  )
  (pool2): MaxPool2d(kernel_size=2, stride=2, padding=0, dilation=1, ceil_mode=False)
  (enc3): Sequential(
    (0): Conv2d(128, 256, kernel_size=(3, 3), stride=(1, 1), padding=(1, 1))
    (1): BatchNorm2d(256, eps=1e-05, momentum=0.1, affine=True, track_running_stats=True)
    (2): ReLU(inplace=True)
    (3): Conv2d(256, 256, kernel_size=(3, 3), stride=(1, 1), padding=(1, 1))
    (4): BatchNorm2d(256, eps=1e-05, momentum=0.1, affine=True, track_running_stats=True)
    (5): ReLU(inplace=True)
  )
  (pool3): MaxPool2d(kernel_size=2, stride=2, padding=0, dilation=1, ceil_mode=False)
  (enc4): Sequential(
    (0): Conv2d(256, 512, kernel_size=(3, 3), stride=(1, 1), padding=(1, 1))
    (1): BatchNorm2d(512, eps=1e-05, momentum=0.1, affine=True, track_running_stats=True)
    (2): ReLU(inplace=True)
    (3): Conv2d(512, 512, kernel_size=(3, 3), stride=(1, 1), padding=(1, 1))
    (4): BatchNorm2d(512, eps=1e-05, momentum=0.1, affine=True, track_running_stats=True)
    (5): ReLU(inplace=True)
  )
  (pool4): MaxPool2d(kernel_size=2, stride=2, padding=0, dilation=1, ceil_mode=False)
  (fc_mu): Linear(in_features=100352, out_features=128, bias=True)
  (fc_logvar): Linear(in_features=100352, out_features=128, bias=True)
  (fc_decode): Linear(in_features=128, out_features=100352, bias=True)
  (up): Upsample(scale_factor=2.0, mode='nearest')
  (dec4): Sequential(
    (0): Conv2d(1024, 256, kernel_size=(3, 3), stride=(1, 1), padding=(1, 1))
    (1): BatchNorm2d(256, eps=1e-05, momentum=0.1, affine=True, track_running_stats=True)
    (2): ReLU(inplace=True)
    (3): Conv2d(256, 256, kernel_size=(3, 3), stride=(1, 1), padding=(1, 1))
    (4): BatchNorm2d(256, eps=1e-05, momentum=0.1, affine=True, track_running_stats=True)
    (5): ReLU(inplace=True)
  )
  (dec3): Sequential(
    (0): Conv2d(512, 128, kernel_size=(3, 3), stride=(1, 1), padding=(1, 1))
    (1): BatchNorm2d(128, eps=1e-05, momentum=0.1, affine=True, track_running_stats=True)
    (2): ReLU(inplace=True)
    (3): Conv2d(128, 128, kernel_size=(3, 3), stride=(1, 1), padding=(1, 1))
    (4): BatchNorm2d(128, eps=1e-05, momentum=0.1, affine=True, track_running_stats=True)
    (5): ReLU(inplace=True)
  )
  (dec2): Sequential(
    (0): Conv2d(256, 64, kernel_size=(3, 3), stride=(1, 1), padding=(1, 1))
    (1): BatchNorm2d(64, eps=1e-05, momentum=0.1, affine=True, track_running_stats=True)
    (2): ReLU(inplace=True)
    (3): Conv2d(64, 64, kernel_size=(3, 3), stride=(1, 1), padding=(1, 1))
    (4): BatchNorm2d(64, eps=1e-05, momentum=0.1, affine=True, track_running_stats=True)
    (5): ReLU(inplace=True)
  )
  (dec1): Sequential(
    (0): Conv2d(128, 3, kernel_size=(3, 3), stride=(1, 1), padding=(1, 1))
    (1): Sigmoid()
  )
)
2025-02-14 00:55:45,891 INFO: Epoch 1/20: Train Loss = 39.7578 (Recon = 0.0665, KL = 3969.1325), Val Loss = 4.0100
2025-02-14 00:55:46,484 INFO: Saved best model at epoch 1 with Val Loss = 4.0100
2025-02-14 00:58:16,416 INFO: Configuration:
2025-02-14 00:58:16,416 INFO: IMG_SIZE: 224, BATCH_SIZE: 32, LR: 0.001, EPOCHS: 20
2025-02-14 00:58:16,416 INFO: Device: cuda
2025-02-14 00:58:16,924 INFO: Target class: fox, Train samples: 4549, Val samples: 1299
2025-02-14 00:58:16,924 INFO: Input (grayscale) transform pipeline:
2025-02-14 00:58:16,924 INFO: ToPILImage()
2025-02-14 00:58:16,924 INFO: Resize(size=(224, 224), interpolation=bilinear, max_size=None, antialias=True)
2025-02-14 00:58:16,925 INFO: Grayscale(num_output_channels=1)
2025-02-14 00:58:16,925 INFO: ToTensor()
2025-02-14 00:58:16,925 INFO: Target (color) transform pipeline:
2025-02-14 00:58:16,925 INFO: ToPILImage()
2025-02-14 00:58:16,925 INFO: Resize(size=(224, 224), interpolation=bilinear, max_size=None, antialias=True)
2025-02-14 00:58:16,925 INFO: ToTensor()
2025-02-14 00:58:17,308 INFO: Model architecture:
UNetVAE(
  (enc1): Sequential(
    (0): Conv2d(1, 64, kernel_size=(3, 3), stride=(1, 1), padding=(1, 1))
    (1): BatchNorm2d(64, eps=1e-05, momentum=0.1, affine=True, track_running_stats=True)
    (2): ReLU(inplace=True)
    (3): Conv2d(64, 64, kernel_size=(3, 3), stride=(1, 1), padding=(1, 1))
    (4): BatchNorm2d(64, eps=1e-05, momentum=0.1, affine=True, track_running_stats=True)
    (5): ReLU(inplace=True)
  )
  (pool1): MaxPool2d(kernel_size=2, stride=2, padding=0, dilation=1, ceil_mode=False)
  (enc2): Sequential(
    (0): Conv2d(64, 128, kernel_size=(3, 3), stride=(1, 1), padding=(1, 1))
    (1): BatchNorm2d(128, eps=1e-05, momentum=0.1, affine=True, track_running_stats=True)
    (2): ReLU(inplace=True)
    (3): Conv2d(128, 128, kernel_size=(3, 3), stride=(1, 1), padding=(1, 1))
    (4): BatchNorm2d(128, eps=1e-05, momentum=0.1, affine=True, track_running_stats=True)
    (5): ReLU(inplace=True)
  )
  (pool2): MaxPool2d(kernel_size=2, stride=2, padding=0, dilation=1, ceil_mode=False)
  (enc3): Sequential(
    (0): Conv2d(128, 256, kernel_size=(3, 3), stride=(1, 1), padding=(1, 1))
    (1): BatchNorm2d(256, eps=1e-05, momentum=0.1, affine=True, track_running_stats=True)
    (2): ReLU(inplace=True)
    (3): Conv2d(256, 256, kernel_size=(3, 3), stride=(1, 1), padding=(1, 1))
    (4): BatchNorm2d(256, eps=1e-05, momentum=0.1, affine=True, track_running_stats=True)
    (5): ReLU(inplace=True)
  )
  (pool3): MaxPool2d(kernel_size=2, stride=2, padding=0, dilation=1, ceil_mode=False)
  (enc4): Sequential(
    (0): Conv2d(256, 512, kernel_size=(3, 3), stride=(1, 1), padding=(1, 1))
    (1): BatchNorm2d(512, eps=1e-05, momentum=0.1, affine=True, track_running_stats=True)
    (2): ReLU(inplace=True)
    (3): Conv2d(512, 512, kernel_size=(3, 3), stride=(1, 1), padding=(1, 1))
    (4): BatchNorm2d(512, eps=1e-05, momentum=0.1, affine=True, track_running_stats=True)
    (5): ReLU(inplace=True)
  )
  (pool4): MaxPool2d(kernel_size=2, stride=2, padding=0, dilation=1, ceil_mode=False)
  (fc_mu): Linear(in_features=100352, out_features=128, bias=True)
  (fc_logvar): Linear(in_features=100352, out_features=128, bias=True)
  (fc_decode): Linear(in_features=128, out_features=100352, bias=True)
  (up): Upsample(scale_factor=2.0, mode='nearest')
  (dec4): Sequential(
    (0): Conv2d(1024, 256, kernel_size=(3, 3), stride=(1, 1), padding=(1, 1))
    (1): BatchNorm2d(256, eps=1e-05, momentum=0.1, affine=True, track_running_stats=True)
    (2): ReLU(inplace=True)
    (3): Conv2d(256, 256, kernel_size=(3, 3), stride=(1, 1), padding=(1, 1))
    (4): BatchNorm2d(256, eps=1e-05, momentum=0.1, affine=True, track_running_stats=True)
    (5): ReLU(inplace=True)
  )
  (dec3): Sequential(
    (0): Conv2d(512, 128, kernel_size=(3, 3), stride=(1, 1), padding=(1, 1))
    (1): BatchNorm2d(128, eps=1e-05, momentum=0.1, affine=True, track_running_stats=True)
    (2): ReLU(inplace=True)
    (3): Conv2d(128, 128, kernel_size=(3, 3), stride=(1, 1), padding=(1, 1))
    (4): BatchNorm2d(128, eps=1e-05, momentum=0.1, affine=True, track_running_stats=True)
    (5): ReLU(inplace=True)
  )
  (dec2): Sequential(
    (0): Conv2d(256, 64, kernel_size=(3, 3), stride=(1, 1), padding=(1, 1))
    (1): BatchNorm2d(64, eps=1e-05, momentum=0.1, affine=True, track_running_stats=True)
    (2): ReLU(inplace=True)
    (3): Conv2d(64, 64, kernel_size=(3, 3), stride=(1, 1), padding=(1, 1))
    (4): BatchNorm2d(64, eps=1e-05, momentum=0.1, affine=True, track_running_stats=True)
    (5): ReLU(inplace=True)
  )
  (dec1): Sequential(
    (0): Conv2d(128, 3, kernel_size=(3, 3), stride=(1, 1), padding=(1, 1))
    (1): Sigmoid()
  )
)
2025-02-14 00:59:07,987 INFO: Epoch 1/20: Train Loss = 39.7589 (Recon = 0.0661, KL = 3969.2869), Val Loss = 4.0102
2025-02-14 00:59:08,119 INFO: mu mean: 0.0117, mu std: 0.2916
2025-02-14 00:59:08,119 INFO: logvar mean: -2.8125, logvar std: 9.5983
2025-02-14 00:59:08,860 INFO: Saved best model at epoch 1 with Val Loss = 4.0102
2025-02-14 00:59:59,297 INFO: Epoch 2/20: Train Loss = 39.6442 (Recon = 0.0558, KL = 3958.8398), Val Loss = 7.9659
2025-02-14 00:59:59,298 INFO: mu mean: -0.0037, mu std: 0.1483
2025-02-14 00:59:59,299 INFO: logvar mean: -2.8125, logvar std: 9.5983
2025-02-14 01:00:50,594 INFO: Epoch 3/20: Train Loss = 39.6431 (Recon = 0.0550, KL = 3958.8075), Val Loss = 11.9244
2025-02-14 01:00:50,595 INFO: mu mean: 0.0119, mu std: 0.1873
2025-02-14 01:00:50,595 INFO: logvar mean: -2.8125, logvar std: 9.5983
2025-02-14 01:02:51,018 INFO: Configuration:
2025-02-14 01:02:51,019 INFO: IMG_SIZE: 224, BATCH_SIZE: 32, LR: 0.0001, EPOCHS: 20
2025-02-14 01:02:51,019 INFO: Device: cuda
2025-02-14 01:02:51,387 INFO: Target class: fox, Train samples: 4549, Val samples: 1299
2025-02-14 01:02:51,387 INFO: Input (grayscale) transform pipeline:
2025-02-14 01:02:51,387 INFO: ToPILImage()
2025-02-14 01:02:51,388 INFO: Resize(size=(224, 224), interpolation=bilinear, max_size=None, antialias=True)
2025-02-14 01:02:51,388 INFO: Grayscale(num_output_channels=1)
2025-02-14 01:02:51,388 INFO: ToTensor()
2025-02-14 01:02:51,388 INFO: Target (color) transform pipeline:
2025-02-14 01:02:51,389 INFO: ToPILImage()
2025-02-14 01:02:51,389 INFO: Resize(size=(224, 224), interpolation=bilinear, max_size=None, antialias=True)
2025-02-14 01:02:51,389 INFO: ToTensor()
2025-02-14 01:02:51,628 INFO: Model architecture:
UNetVAE(
  (enc1): Sequential(
    (0): Conv2d(1, 64, kernel_size=(3, 3), stride=(1, 1), padding=(1, 1))
    (1): BatchNorm2d(64, eps=1e-05, momentum=0.1, affine=True, track_running_stats=True)
    (2): ReLU(inplace=True)
    (3): Conv2d(64, 64, kernel_size=(3, 3), stride=(1, 1), padding=(1, 1))
    (4): BatchNorm2d(64, eps=1e-05, momentum=0.1, affine=True, track_running_stats=True)
    (5): ReLU(inplace=True)
  )
  (pool1): MaxPool2d(kernel_size=2, stride=2, padding=0, dilation=1, ceil_mode=False)
  (enc2): Sequential(
    (0): Conv2d(64, 128, kernel_size=(3, 3), stride=(1, 1), padding=(1, 1))
    (1): BatchNorm2d(128, eps=1e-05, momentum=0.1, affine=True, track_running_stats=True)
    (2): ReLU(inplace=True)
    (3): Conv2d(128, 128, kernel_size=(3, 3), stride=(1, 1), padding=(1, 1))
    (4): BatchNorm2d(128, eps=1e-05, momentum=0.1, affine=True, track_running_stats=True)
    (5): ReLU(inplace=True)
  )
  (pool2): MaxPool2d(kernel_size=2, stride=2, padding=0, dilation=1, ceil_mode=False)
  (enc3): Sequential(
    (0): Conv2d(128, 256, kernel_size=(3, 3), stride=(1, 1), padding=(1, 1))
    (1): BatchNorm2d(256, eps=1e-05, momentum=0.1, affine=True, track_running_stats=True)
    (2): ReLU(inplace=True)
    (3): Conv2d(256, 256, kernel_size=(3, 3), stride=(1, 1), padding=(1, 1))
    (4): BatchNorm2d(256, eps=1e-05, momentum=0.1, affine=True, track_running_stats=True)
    (5): ReLU(inplace=True)
  )
  (pool3): MaxPool2d(kernel_size=2, stride=2, padding=0, dilation=1, ceil_mode=False)
  (enc4): Sequential(
    (0): Conv2d(256, 512, kernel_size=(3, 3), stride=(1, 1), padding=(1, 1))
    (1): BatchNorm2d(512, eps=1e-05, momentum=0.1, affine=True, track_running_stats=True)
    (2): ReLU(inplace=True)
    (3): Conv2d(512, 512, kernel_size=(3, 3), stride=(1, 1), padding=(1, 1))
    (4): BatchNorm2d(512, eps=1e-05, momentum=0.1, affine=True, track_running_stats=True)
    (5): ReLU(inplace=True)
  )
  (pool4): MaxPool2d(kernel_size=2, stride=2, padding=0, dilation=1, ceil_mode=False)
  (fc_mu): Linear(in_features=100352, out_features=128, bias=True)
  (fc_logvar): Linear(in_features=100352, out_features=128, bias=True)
  (fc_decode): Linear(in_features=128, out_features=100352, bias=True)
  (up): Upsample(scale_factor=2.0, mode='nearest')
  (dec4): Sequential(
    (0): Conv2d(1024, 256, kernel_size=(3, 3), stride=(1, 1), padding=(1, 1))
    (1): BatchNorm2d(256, eps=1e-05, momentum=0.1, affine=True, track_running_stats=True)
    (2): ReLU(inplace=True)
    (3): Conv2d(256, 256, kernel_size=(3, 3), stride=(1, 1), padding=(1, 1))
    (4): BatchNorm2d(256, eps=1e-05, momentum=0.1, affine=True, track_running_stats=True)
    (5): ReLU(inplace=True)
  )
  (dec3): Sequential(
    (0): Conv2d(512, 128, kernel_size=(3, 3), stride=(1, 1), padding=(1, 1))
    (1): BatchNorm2d(128, eps=1e-05, momentum=0.1, affine=True, track_running_stats=True)
    (2): ReLU(inplace=True)
    (3): Conv2d(128, 128, kernel_size=(3, 3), stride=(1, 1), padding=(1, 1))
    (4): BatchNorm2d(128, eps=1e-05, momentum=0.1, affine=True, track_running_stats=True)
    (5): ReLU(inplace=True)
  )
  (dec2): Sequential(
    (0): Conv2d(256, 64, kernel_size=(3, 3), stride=(1, 1), padding=(1, 1))
    (1): BatchNorm2d(64, eps=1e-05, momentum=0.1, affine=True, track_running_stats=True)
    (2): ReLU(inplace=True)
    (3): Conv2d(64, 64, kernel_size=(3, 3), stride=(1, 1), padding=(1, 1))
    (4): BatchNorm2d(64, eps=1e-05, momentum=0.1, affine=True, track_running_stats=True)
    (5): ReLU(inplace=True)
  )
  (dec1): Sequential(
    (0): Conv2d(128, 3, kernel_size=(3, 3), stride=(1, 1), padding=(1, 1))
    (1): Sigmoid()
  )
)
2025-02-14 01:03:13,973 INFO: Configuration:
2025-02-14 01:03:13,973 INFO: IMG_SIZE: 224, BATCH_SIZE: 40, LR: 0.0001, EPOCHS: 20
2025-02-14 01:03:13,973 INFO: Device: cuda
2025-02-14 01:03:14,540 INFO: Target class: fox, Train samples: 4549, Val samples: 1299
2025-02-14 01:03:14,541 INFO: Input (grayscale) transform pipeline:
2025-02-14 01:03:14,541 INFO: ToPILImage()
2025-02-14 01:03:14,541 INFO: Resize(size=(224, 224), interpolation=bilinear, max_size=None, antialias=True)
2025-02-14 01:03:14,541 INFO: Grayscale(num_output_channels=1)
2025-02-14 01:03:14,542 INFO: ToTensor()
2025-02-14 01:03:14,542 INFO: Target (color) transform pipeline:
2025-02-14 01:03:14,542 INFO: ToPILImage()
2025-02-14 01:03:14,542 INFO: Resize(size=(224, 224), interpolation=bilinear, max_size=None, antialias=True)
2025-02-14 01:03:14,542 INFO: ToTensor()
2025-02-14 01:03:14,922 INFO: Model architecture:
UNetVAE(
  (enc1): Sequential(
    (0): Conv2d(1, 64, kernel_size=(3, 3), stride=(1, 1), padding=(1, 1))
    (1): BatchNorm2d(64, eps=1e-05, momentum=0.1, affine=True, track_running_stats=True)
    (2): ReLU(inplace=True)
    (3): Conv2d(64, 64, kernel_size=(3, 3), stride=(1, 1), padding=(1, 1))
    (4): BatchNorm2d(64, eps=1e-05, momentum=0.1, affine=True, track_running_stats=True)
    (5): ReLU(inplace=True)
  )
  (pool1): MaxPool2d(kernel_size=2, stride=2, padding=0, dilation=1, ceil_mode=False)
  (enc2): Sequential(
    (0): Conv2d(64, 128, kernel_size=(3, 3), stride=(1, 1), padding=(1, 1))
    (1): BatchNorm2d(128, eps=1e-05, momentum=0.1, affine=True, track_running_stats=True)
    (2): ReLU(inplace=True)
    (3): Conv2d(128, 128, kernel_size=(3, 3), stride=(1, 1), padding=(1, 1))
    (4): BatchNorm2d(128, eps=1e-05, momentum=0.1, affine=True, track_running_stats=True)
    (5): ReLU(inplace=True)
  )
  (pool2): MaxPool2d(kernel_size=2, stride=2, padding=0, dilation=1, ceil_mode=False)
  (enc3): Sequential(
    (0): Conv2d(128, 256, kernel_size=(3, 3), stride=(1, 1), padding=(1, 1))
    (1): BatchNorm2d(256, eps=1e-05, momentum=0.1, affine=True, track_running_stats=True)
    (2): ReLU(inplace=True)
    (3): Conv2d(256, 256, kernel_size=(3, 3), stride=(1, 1), padding=(1, 1))
    (4): BatchNorm2d(256, eps=1e-05, momentum=0.1, affine=True, track_running_stats=True)
    (5): ReLU(inplace=True)
  )
  (pool3): MaxPool2d(kernel_size=2, stride=2, padding=0, dilation=1, ceil_mode=False)
  (enc4): Sequential(
    (0): Conv2d(256, 512, kernel_size=(3, 3), stride=(1, 1), padding=(1, 1))
    (1): BatchNorm2d(512, eps=1e-05, momentum=0.1, affine=True, track_running_stats=True)
    (2): ReLU(inplace=True)
    (3): Conv2d(512, 512, kernel_size=(3, 3), stride=(1, 1), padding=(1, 1))
    (4): BatchNorm2d(512, eps=1e-05, momentum=0.1, affine=True, track_running_stats=True)
    (5): ReLU(inplace=True)
  )
  (pool4): MaxPool2d(kernel_size=2, stride=2, padding=0, dilation=1, ceil_mode=False)
  (fc_mu): Linear(in_features=100352, out_features=128, bias=True)
  (fc_logvar): Linear(in_features=100352, out_features=128, bias=True)
  (fc_decode): Linear(in_features=128, out_features=100352, bias=True)
  (up): Upsample(scale_factor=2.0, mode='nearest')
  (dec4): Sequential(
    (0): Conv2d(1024, 256, kernel_size=(3, 3), stride=(1, 1), padding=(1, 1))
    (1): BatchNorm2d(256, eps=1e-05, momentum=0.1, affine=True, track_running_stats=True)
    (2): ReLU(inplace=True)
    (3): Conv2d(256, 256, kernel_size=(3, 3), stride=(1, 1), padding=(1, 1))
    (4): BatchNorm2d(256, eps=1e-05, momentum=0.1, affine=True, track_running_stats=True)
    (5): ReLU(inplace=True)
  )
  (dec3): Sequential(
    (0): Conv2d(512, 128, kernel_size=(3, 3), stride=(1, 1), padding=(1, 1))
    (1): BatchNorm2d(128, eps=1e-05, momentum=0.1, affine=True, track_running_stats=True)
    (2): ReLU(inplace=True)
    (3): Conv2d(128, 128, kernel_size=(3, 3), stride=(1, 1), padding=(1, 1))
    (4): BatchNorm2d(128, eps=1e-05, momentum=0.1, affine=True, track_running_stats=True)
    (5): ReLU(inplace=True)
  )
  (dec2): Sequential(
    (0): Conv2d(256, 64, kernel_size=(3, 3), stride=(1, 1), padding=(1, 1))
    (1): BatchNorm2d(64, eps=1e-05, momentum=0.1, affine=True, track_running_stats=True)
    (2): ReLU(inplace=True)
    (3): Conv2d(64, 64, kernel_size=(3, 3), stride=(1, 1), padding=(1, 1))
    (4): BatchNorm2d(64, eps=1e-05, momentum=0.1, affine=True, track_running_stats=True)
    (5): ReLU(inplace=True)
  )
  (dec1): Sequential(
    (0): Conv2d(128, 3, kernel_size=(3, 3), stride=(1, 1), padding=(1, 1))
    (1): Sigmoid()
  )
)
2025-02-14 01:04:05,684 INFO: Epoch 1/20: Train Loss = 0.1003 (Recon = 0.0679, KL = 3.2332), Val Loss = 0.0537
2025-02-14 01:04:05,684 INFO: mu mean: 0.0024, mu std: 0.1149
2025-02-14 01:04:05,685 INFO: logvar mean: 0.8869, logvar std: 1.3780
2025-02-14 01:04:06,388 INFO: Saved best model at epoch 1 with Val Loss = 0.0537
2025-02-14 01:04:56,542 INFO: Epoch 2/20: Train Loss = 0.0764 (Recon = 0.0525, KL = 2.3954), Val Loss = 0.0492
2025-02-14 01:04:56,543 INFO: mu mean: -0.0052, mu std: 0.1011
2025-02-14 01:04:56,544 INFO: logvar mean: 0.8868, logvar std: 1.3781
2025-02-14 01:04:57,156 INFO: Saved best model at epoch 2 with Val Loss = 0.0492
2025-02-14 01:05:48,028 INFO: Epoch 3/20: Train Loss = 0.0749 (Recon = 0.0509, KL = 2.3967), Val Loss = 0.0498
2025-02-14 01:05:48,029 INFO: mu mean: 0.0026, mu std: 0.1155
2025-02-14 01:05:48,030 INFO: logvar mean: 0.8715, logvar std: 1.3923
2025-02-14 01:06:38,476 INFO: Epoch 4/20: Train Loss = 0.0727 (Recon = 0.0487, KL = 2.4006), Val Loss = 0.0485
2025-02-14 01:06:38,477 INFO: mu mean: 0.0061, mu std: 0.1361
2025-02-14 01:06:38,477 INFO: logvar mean: 0.8627, logvar std: 1.4070
2025-02-14 01:06:39,229 INFO: Saved best model at epoch 4 with Val Loss = 0.0485
2025-02-14 01:07:36,023 INFO: Configuration:
2025-02-14 01:07:36,023 INFO: IMG_SIZE: 224, BATCH_SIZE: 42, LR: 0.001, EPOCHS: 20
2025-02-14 01:07:36,024 INFO: Device: cuda
2025-02-14 01:07:36,539 INFO: Target class: fox, Train samples: 4549, Val samples: 1299
2025-02-14 01:07:36,540 INFO: Input (grayscale) transform pipeline:
2025-02-14 01:07:36,540 INFO: ToPILImage()
2025-02-14 01:07:36,540 INFO: Resize(size=(224, 224), interpolation=bilinear, max_size=None, antialias=True)
2025-02-14 01:07:36,540 INFO: Grayscale(num_output_channels=1)
2025-02-14 01:07:36,541 INFO: ToTensor()
2025-02-14 01:07:36,541 INFO: Target (color) transform pipeline:
2025-02-14 01:07:36,541 INFO: ToPILImage()
2025-02-14 01:07:36,541 INFO: Resize(size=(224, 224), interpolation=bilinear, max_size=None, antialias=True)
2025-02-14 01:07:36,541 INFO: ToTensor()
2025-02-14 01:07:36,975 INFO: Model architecture:
UNetVAE(
  (enc1): Sequential(
    (0): Conv2d(1, 64, kernel_size=(3, 3), stride=(1, 1), padding=(1, 1))
    (1): BatchNorm2d(64, eps=1e-05, momentum=0.1, affine=True, track_running_stats=True)
    (2): ReLU(inplace=True)
    (3): Conv2d(64, 64, kernel_size=(3, 3), stride=(1, 1), padding=(1, 1))
    (4): BatchNorm2d(64, eps=1e-05, momentum=0.1, affine=True, track_running_stats=True)
    (5): ReLU(inplace=True)
  )
  (pool1): MaxPool2d(kernel_size=2, stride=2, padding=0, dilation=1, ceil_mode=False)
  (enc2): Sequential(
    (0): Conv2d(64, 128, kernel_size=(3, 3), stride=(1, 1), padding=(1, 1))
    (1): BatchNorm2d(128, eps=1e-05, momentum=0.1, affine=True, track_running_stats=True)
    (2): ReLU(inplace=True)
    (3): Conv2d(128, 128, kernel_size=(3, 3), stride=(1, 1), padding=(1, 1))
    (4): BatchNorm2d(128, eps=1e-05, momentum=0.1, affine=True, track_running_stats=True)
    (5): ReLU(inplace=True)
  )
  (pool2): MaxPool2d(kernel_size=2, stride=2, padding=0, dilation=1, ceil_mode=False)
  (enc3): Sequential(
    (0): Conv2d(128, 256, kernel_size=(3, 3), stride=(1, 1), padding=(1, 1))
    (1): BatchNorm2d(256, eps=1e-05, momentum=0.1, affine=True, track_running_stats=True)
    (2): ReLU(inplace=True)
    (3): Conv2d(256, 256, kernel_size=(3, 3), stride=(1, 1), padding=(1, 1))
    (4): BatchNorm2d(256, eps=1e-05, momentum=0.1, affine=True, track_running_stats=True)
    (5): ReLU(inplace=True)
  )
  (pool3): MaxPool2d(kernel_size=2, stride=2, padding=0, dilation=1, ceil_mode=False)
  (enc4): Sequential(
    (0): Conv2d(256, 512, kernel_size=(3, 3), stride=(1, 1), padding=(1, 1))
    (1): BatchNorm2d(512, eps=1e-05, momentum=0.1, affine=True, track_running_stats=True)
    (2): ReLU(inplace=True)
    (3): Conv2d(512, 512, kernel_size=(3, 3), stride=(1, 1), padding=(1, 1))
    (4): BatchNorm2d(512, eps=1e-05, momentum=0.1, affine=True, track_running_stats=True)
    (5): ReLU(inplace=True)
  )
  (pool4): MaxPool2d(kernel_size=2, stride=2, padding=0, dilation=1, ceil_mode=False)
  (fc_mu): Linear(in_features=100352, out_features=128, bias=True)
  (fc_logvar): Linear(in_features=100352, out_features=128, bias=True)
  (fc_decode): Linear(in_features=128, out_features=100352, bias=True)
  (up): Upsample(scale_factor=2.0, mode='nearest')
  (dec4): Sequential(
    (0): Conv2d(1024, 256, kernel_size=(3, 3), stride=(1, 1), padding=(1, 1))
    (1): BatchNorm2d(256, eps=1e-05, momentum=0.1, affine=True, track_running_stats=True)
    (2): ReLU(inplace=True)
    (3): Conv2d(256, 256, kernel_size=(3, 3), stride=(1, 1), padding=(1, 1))
    (4): BatchNorm2d(256, eps=1e-05, momentum=0.1, affine=True, track_running_stats=True)
    (5): ReLU(inplace=True)
  )
  (dec3): Sequential(
    (0): Conv2d(512, 128, kernel_size=(3, 3), stride=(1, 1), padding=(1, 1))
    (1): BatchNorm2d(128, eps=1e-05, momentum=0.1, affine=True, track_running_stats=True)
    (2): ReLU(inplace=True)
    (3): Conv2d(128, 128, kernel_size=(3, 3), stride=(1, 1), padding=(1, 1))
    (4): BatchNorm2d(128, eps=1e-05, momentum=0.1, affine=True, track_running_stats=True)
    (5): ReLU(inplace=True)
  )
  (dec2): Sequential(
    (0): Conv2d(256, 64, kernel_size=(3, 3), stride=(1, 1), padding=(1, 1))
    (1): BatchNorm2d(64, eps=1e-05, momentum=0.1, affine=True, track_running_stats=True)
    (2): ReLU(inplace=True)
    (3): Conv2d(64, 64, kernel_size=(3, 3), stride=(1, 1), padding=(1, 1))
    (4): BatchNorm2d(64, eps=1e-05, momentum=0.1, affine=True, track_running_stats=True)
    (5): ReLU(inplace=True)
  )
  (dec1): Sequential(
    (0): Conv2d(128, 3, kernel_size=(3, 3), stride=(1, 1), padding=(1, 1))
    (1): Sigmoid()
  )
)
2025-02-14 01:08:27,716 INFO: Epoch 1/20: Train Loss = 0.5675 (Recon = 0.0658, KL = 50.1690), Val Loss = 0.0578
2025-02-14 01:08:27,717 INFO: mu mean: -0.0040, mu std: 0.4738
2025-02-14 01:08:27,717 INFO: logvar mean: -5.0234, logvar std: 6.3196
2025-02-14 01:08:28,293 INFO: Saved best model at epoch 1 with Val Loss = 0.0578
2025-02-14 01:09:18,158 INFO: Epoch 2/20: Train Loss = 0.1139 (Recon = 0.0550, KL = 5.8912), Val Loss = 0.0539
2025-02-14 01:09:18,159 INFO: mu mean: -0.0049, mu std: 0.2352
2025-02-14 01:09:18,159 INFO: logvar mean: -5.1250, logvar std: 6.2942
2025-02-14 01:09:18,740 INFO: Saved best model at epoch 2 with Val Loss = 0.0539
2025-02-14 01:10:08,668 INFO: Epoch 3/20: Train Loss = 0.1123 (Recon = 0.0538, KL = 5.8542), Val Loss = 0.0542
2025-02-14 01:10:08,669 INFO: mu mean: 0.0106, mu std: 0.1793
2025-02-14 01:10:08,669 INFO: logvar mean: -5.1250, logvar std: 6.2942
2025-02-14 01:10:58,710 INFO: Epoch 4/20: Train Loss = 0.1101 (Recon = 0.0517, KL = 5.8440), Val Loss = 0.0558
2025-02-14 01:10:58,711 INFO: mu mean: -0.0007, mu std: 0.1563
2025-02-14 01:10:58,711 INFO: logvar mean: -5.1250, logvar std: 6.2942
2025-02-14 01:11:48,725 INFO: Epoch 5/20: Train Loss = 0.1102 (Recon = 0.0517, KL = 5.8412), Val Loss = 0.0522
2025-02-14 01:11:48,725 INFO: mu mean: 0.0091, mu std: 0.1409
2025-02-14 01:11:48,726 INFO: logvar mean: -5.1250, logvar std: 6.2942
2025-02-14 01:11:49,364 INFO: Saved best model at epoch 5 with Val Loss = 0.0522
2025-02-14 01:12:39,766 INFO: Epoch 6/20: Train Loss = 0.1098 (Recon = 0.0513, KL = 5.8462), Val Loss = 0.0551
2025-02-14 01:12:39,766 INFO: mu mean: -0.0118, mu std: 0.1354
2025-02-14 01:12:39,767 INFO: logvar mean: -5.0234, logvar std: 6.3196
2025-02-14 01:13:29,885 INFO: Epoch 7/20: Train Loss = 0.1108 (Recon = 0.0522, KL = 5.8652), Val Loss = 0.0513
2025-02-14 01:13:29,886 INFO: mu mean: -0.0025, mu std: 0.1238
2025-02-14 01:13:29,886 INFO: logvar mean: -5.0234, logvar std: 6.3196
2025-02-14 01:13:30,482 INFO: Saved best model at epoch 7 with Val Loss = 0.0513
2025-02-14 01:14:20,514 INFO: Epoch 8/20: Train Loss = 0.1096 (Recon = 0.0510, KL = 5.8640), Val Loss = 0.0519
2025-02-14 01:14:20,515 INFO: mu mean: 0.0154, mu std: 0.1409
2025-02-14 01:14:20,515 INFO: logvar mean: -5.0234, logvar std: 6.3196
2025-02-14 01:15:10,531 INFO: Epoch 9/20: Train Loss = 0.1108 (Recon = 0.0522, KL = 5.8630), Val Loss = 0.0533
2025-02-14 01:15:10,531 INFO: mu mean: -0.0020, mu std: 0.1469
2025-02-14 01:15:10,532 INFO: logvar mean: -5.0234, logvar std: 6.3196
2025-02-14 01:16:00,582 INFO: Epoch 10/20: Train Loss = 0.1080 (Recon = 0.0493, KL = 5.8629), Val Loss = 0.0511
2025-02-14 01:16:00,583 INFO: mu mean: 0.0055, mu std: 0.1093
2025-02-14 01:16:00,583 INFO: logvar mean: -5.0234, logvar std: 6.3196
2025-02-14 01:16:01,422 INFO: Saved best model at epoch 10 with Val Loss = 0.0511
2025-02-14 01:16:51,323 INFO: Epoch 11/20: Train Loss = 0.1074 (Recon = 0.0488, KL = 5.8642), Val Loss = 0.0519
2025-02-14 01:16:51,324 INFO: mu mean: -0.0127, mu std: 0.1318
2025-02-14 01:16:51,324 INFO: logvar mean: -5.0234, logvar std: 6.3196
2025-02-14 01:17:41,334 INFO: Epoch 12/20: Train Loss = 0.1091 (Recon = 0.0505, KL = 5.8637), Val Loss = 0.0523
2025-02-14 01:17:41,334 INFO: mu mean: -0.0005, mu std: 0.1330
2025-02-14 01:17:41,335 INFO: logvar mean: -5.0234, logvar std: 6.3196
2025-02-14 01:18:31,393 INFO: Epoch 13/20: Train Loss = 0.1074 (Recon = 0.0488, KL = 5.8637), Val Loss = 0.0521
2025-02-14 01:18:31,394 INFO: mu mean: -0.0084, mu std: 0.1956
2025-02-14 01:18:31,394 INFO: logvar mean: -5.0234, logvar std: 6.3196
2025-02-14 01:19:21,470 INFO: Epoch 14/20: Train Loss = 0.1090 (Recon = 0.0504, KL = 5.8671), Val Loss = 0.0515
2025-02-14 01:19:21,471 INFO: mu mean: 0.0015, mu std: 0.1099
2025-02-14 01:19:21,471 INFO: logvar mean: -5.0234, logvar std: 6.3196
2025-02-14 01:20:11,616 INFO: Epoch 15/20: Train Loss = 0.1071 (Recon = 0.0484, KL = 5.8681), Val Loss = 0.0522
2025-02-14 01:20:11,616 INFO: mu mean: 0.0043, mu std: 0.1602
2025-02-14 01:20:11,617 INFO: logvar mean: -5.0234, logvar std: 6.3196
2025-02-14 01:21:01,626 INFO: Epoch 16/20: Train Loss = 0.1086 (Recon = 0.0499, KL = 5.8663), Val Loss = 0.0504
2025-02-14 01:21:01,626 INFO: mu mean: -0.0059, mu std: 0.1252
2025-02-14 01:21:01,627 INFO: logvar mean: -5.0234, logvar std: 6.3196
2025-02-14 01:21:02,207 INFO: Saved best model at epoch 16 with Val Loss = 0.0504
2025-02-14 01:21:52,140 INFO: Epoch 17/20: Train Loss = 0.1063 (Recon = 0.0477, KL = 5.8664), Val Loss = 0.0519
2025-02-14 01:21:52,140 INFO: mu mean: 0.0056, mu std: 0.1404
2025-02-14 01:21:52,141 INFO: logvar mean: -5.0234, logvar std: 6.3196
2025-02-14 01:22:42,229 INFO: Epoch 18/20: Train Loss = 0.1065 (Recon = 0.0478, KL = 5.8665), Val Loss = 0.0507
2025-02-14 01:22:42,229 INFO: mu mean: -0.0113, mu std: 0.1675
2025-02-14 01:22:42,230 INFO: logvar mean: -5.0234, logvar std: 6.3196
2025-02-14 01:23:32,190 INFO: Epoch 19/20: Train Loss = 0.1054 (Recon = 0.0467, KL = 5.8746), Val Loss = 0.0507
2025-02-14 01:23:32,191 INFO: mu mean: -0.0011, mu std: 0.1854
2025-02-14 01:23:32,191 INFO: logvar mean: -5.0234, logvar std: 6.3196
2025-02-14 01:24:22,224 INFO: Epoch 20/20: Train Loss = 0.1060 (Recon = 0.0472, KL = 5.8762), Val Loss = 0.0520
2025-02-14 01:24:22,224 INFO: mu mean: 0.0093, mu std: 0.2215
2025-02-14 01:24:22,225 INFO: logvar mean: -5.0234, logvar std: 6.3196
2025-02-14 01:24:22,853 INFO: Saved model and history to:
/media/Ittwin/E/_uni/DL_Project/tiger-fox-elephant/weights/fox_vae_model.pth
/media/Ittwin/E/_uni/DL_Project/tiger-fox-elephant/weights/fox_vae_history.npz
2025-02-14 01:32:23,889 INFO: Configuration:
2025-02-14 01:32:23,890 INFO: IMG_SIZE: 224, BATCH_SIZE: 42, LR: 0.001, EPOCHS: 20
2025-02-14 01:32:23,890 INFO: Device: cuda
2025-02-14 01:32:24,267 INFO: Target class: fox, Train samples: 4549, Val samples: 1299
2025-02-14 01:32:24,267 INFO: Input (grayscale) transform pipeline:
2025-02-14 01:32:24,268 INFO: ToPILImage()
2025-02-14 01:32:24,268 INFO: Resize(size=(224, 224), interpolation=bilinear, max_size=None, antialias=True)
2025-02-14 01:32:24,268 INFO: Grayscale(num_output_channels=1)
2025-02-14 01:32:24,268 INFO: ToTensor()
2025-02-14 01:32:24,268 INFO: Target (color) transform pipeline:
2025-02-14 01:32:24,268 INFO: ToPILImage()
2025-02-14 01:32:24,269 INFO: Resize(size=(224, 224), interpolation=bilinear, max_size=None, antialias=True)
2025-02-14 01:32:24,269 INFO: ToTensor()
2025-02-14 01:32:24,545 INFO: Model architecture:
UNetVAE(
  (enc1): Sequential(
    (0): Conv2d(1, 64, kernel_size=(3, 3), stride=(1, 1), padding=(1, 1))
    (1): BatchNorm2d(64, eps=1e-05, momentum=0.1, affine=True, track_running_stats=True)
    (2): ReLU(inplace=True)
    (3): Conv2d(64, 64, kernel_size=(3, 3), stride=(1, 1), padding=(1, 1))
    (4): BatchNorm2d(64, eps=1e-05, momentum=0.1, affine=True, track_running_stats=True)
    (5): ReLU(inplace=True)
  )
  (pool1): MaxPool2d(kernel_size=2, stride=2, padding=0, dilation=1, ceil_mode=False)
  (enc2): Sequential(
    (0): Conv2d(64, 128, kernel_size=(3, 3), stride=(1, 1), padding=(1, 1))
    (1): BatchNorm2d(128, eps=1e-05, momentum=0.1, affine=True, track_running_stats=True)
    (2): ReLU(inplace=True)
    (3): Conv2d(128, 128, kernel_size=(3, 3), stride=(1, 1), padding=(1, 1))
    (4): BatchNorm2d(128, eps=1e-05, momentum=0.1, affine=True, track_running_stats=True)
    (5): ReLU(inplace=True)
  )
  (pool2): MaxPool2d(kernel_size=2, stride=2, padding=0, dilation=1, ceil_mode=False)
  (enc3): Sequential(
    (0): Conv2d(128, 256, kernel_size=(3, 3), stride=(1, 1), padding=(1, 1))
    (1): BatchNorm2d(256, eps=1e-05, momentum=0.1, affine=True, track_running_stats=True)
    (2): ReLU(inplace=True)
    (3): Conv2d(256, 256, kernel_size=(3, 3), stride=(1, 1), padding=(1, 1))
    (4): BatchNorm2d(256, eps=1e-05, momentum=0.1, affine=True, track_running_stats=True)
    (5): ReLU(inplace=True)
  )
  (pool3): MaxPool2d(kernel_size=2, stride=2, padding=0, dilation=1, ceil_mode=False)
  (enc4): Sequential(
    (0): Conv2d(256, 512, kernel_size=(3, 3), stride=(1, 1), padding=(1, 1))
    (1): BatchNorm2d(512, eps=1e-05, momentum=0.1, affine=True, track_running_stats=True)
    (2): ReLU(inplace=True)
    (3): Conv2d(512, 512, kernel_size=(3, 3), stride=(1, 1), padding=(1, 1))
    (4): BatchNorm2d(512, eps=1e-05, momentum=0.1, affine=True, track_running_stats=True)
    (5): ReLU(inplace=True)
  )
  (pool4): MaxPool2d(kernel_size=2, stride=2, padding=0, dilation=1, ceil_mode=False)
  (fc_mu): Linear(in_features=100352, out_features=128, bias=True)
  (fc_logvar): Linear(in_features=100352, out_features=128, bias=True)
  (fc_decode): Linear(in_features=128, out_features=100352, bias=True)
  (up): Upsample(scale_factor=2.0, mode='nearest')
  (dec4): Sequential(
    (0): Conv2d(1024, 256, kernel_size=(3, 3), stride=(1, 1), padding=(1, 1))
    (1): BatchNorm2d(256, eps=1e-05, momentum=0.1, affine=True, track_running_stats=True)
    (2): ReLU(inplace=True)
    (3): Conv2d(256, 256, kernel_size=(3, 3), stride=(1, 1), padding=(1, 1))
    (4): BatchNorm2d(256, eps=1e-05, momentum=0.1, affine=True, track_running_stats=True)
    (5): ReLU(inplace=True)
  )
  (dec3): Sequential(
    (0): Conv2d(512, 128, kernel_size=(3, 3), stride=(1, 1), padding=(1, 1))
    (1): BatchNorm2d(128, eps=1e-05, momentum=0.1, affine=True, track_running_stats=True)
    (2): ReLU(inplace=True)
    (3): Conv2d(128, 128, kernel_size=(3, 3), stride=(1, 1), padding=(1, 1))
    (4): BatchNorm2d(128, eps=1e-05, momentum=0.1, affine=True, track_running_stats=True)
    (5): ReLU(inplace=True)
  )
  (dec2): Sequential(
    (0): Conv2d(256, 64, kernel_size=(3, 3), stride=(1, 1), padding=(1, 1))
    (1): BatchNorm2d(64, eps=1e-05, momentum=0.1, affine=True, track_running_stats=True)
    (2): ReLU(inplace=True)
    (3): Conv2d(64, 64, kernel_size=(3, 3), stride=(1, 1), padding=(1, 1))
    (4): BatchNorm2d(64, eps=1e-05, momentum=0.1, affine=True, track_running_stats=True)
    (5): ReLU(inplace=True)
  )
  (dec1): Sequential(
    (0): Conv2d(128, 3, kernel_size=(3, 3), stride=(1, 1), padding=(1, 1))
    (1): Sigmoid()
  )
)
2025-02-14 01:33:10,961 INFO: Configuration:
2025-02-14 01:33:10,961 INFO: IMG_SIZE: 224, BATCH_SIZE: 42, LR: 0.001, EPOCHS: 20
2025-02-14 01:33:10,961 INFO: Device: cuda
2025-02-14 01:33:11,330 INFO: Target class: fox, Train samples: 4549, Val samples: 1299
2025-02-14 01:33:11,330 INFO: Input (grayscale) transform pipeline:
2025-02-14 01:33:11,330 INFO: ToPILImage()
2025-02-14 01:33:11,330 INFO: Resize(size=(224, 224), interpolation=bilinear, max_size=None, antialias=True)
2025-02-14 01:33:11,330 INFO: Grayscale(num_output_channels=1)
2025-02-14 01:33:11,331 INFO: ToTensor()
2025-02-14 01:33:11,331 INFO: Target (color) transform pipeline:
2025-02-14 01:33:11,331 INFO: ToPILImage()
2025-02-14 01:33:11,331 INFO: Resize(size=(224, 224), interpolation=bilinear, max_size=None, antialias=True)
2025-02-14 01:33:11,331 INFO: ToTensor()
2025-02-14 01:33:11,631 INFO: Model architecture:
ColorizationVAE(
  (encoder): Sequential(
    (0): Conv2d(1, 64, kernel_size=(4, 4), stride=(2, 2), padding=(1, 1))
    (1): BatchNorm2d(64, eps=1e-05, momentum=0.1, affine=True, track_running_stats=True)
    (2): ReLU()
    (3): Conv2d(64, 128, kernel_size=(4, 4), stride=(2, 2), padding=(1, 1))
    (4): BatchNorm2d(128, eps=1e-05, momentum=0.1, affine=True, track_running_stats=True)
    (5): ReLU()
    (6): Conv2d(128, 256, kernel_size=(4, 4), stride=(2, 2), padding=(1, 1))
    (7): BatchNorm2d(256, eps=1e-05, momentum=0.1, affine=True, track_running_stats=True)
    (8): ReLU()
    (9): Conv2d(256, 512, kernel_size=(4, 4), stride=(2, 2), padding=(1, 1))
    (10): BatchNorm2d(512, eps=1e-05, momentum=0.1, affine=True, track_running_stats=True)
    (11): ReLU()
  )
  (fc_mu): Linear(in_features=100352, out_features=128, bias=True)
  (fc_logvar): Linear(in_features=100352, out_features=128, bias=True)
  (decoder_input): Linear(in_features=128, out_features=100352, bias=True)
  (decoder): Sequential(
    (0): ConvTranspose2d(512, 256, kernel_size=(4, 4), stride=(2, 2), padding=(1, 1))
    (1): BatchNorm2d(256, eps=1e-05, momentum=0.1, affine=True, track_running_stats=True)
    (2): ReLU()
    (3): ConvTranspose2d(256, 128, kernel_size=(4, 4), stride=(2, 2), padding=(1, 1))
    (4): BatchNorm2d(128, eps=1e-05, momentum=0.1, affine=True, track_running_stats=True)
    (5): ReLU()
    (6): ConvTranspose2d(128, 64, kernel_size=(4, 4), stride=(2, 2), padding=(1, 1))
    (7): BatchNorm2d(64, eps=1e-05, momentum=0.1, affine=True, track_running_stats=True)
    (8): ReLU()
    (9): ConvTranspose2d(64, 3, kernel_size=(4, 4), stride=(2, 2), padding=(1, 1))
    (10): Sigmoid()
  )
)
2025-02-14 01:33:22,997 INFO: Epoch 1/20: Train Loss = 1537895799487109.0000 (Recon = 0.1785, KL = 1537895654827247616.0000), Val Loss = 1.2667
2025-02-14 01:33:22,998 INFO: mu mean: 0.0758, mu std: 5.4402
2025-02-14 01:33:22,998 INFO: logvar mean: -154.8315, logvar std: 65.5652
2025-02-14 01:33:23,510 INFO: Saved best model at epoch 1 with Val Loss = 1.2667
2025-02-14 01:33:34,006 INFO: Epoch 2/20: Train Loss = 15127.5438 (Recon = 0.1435, KL = 15127398.9873), Val Loss = 2.0828
2025-02-14 01:33:34,007 INFO: mu mean: -0.0866, mu std: 6.5223
2025-02-14 01:33:34,008 INFO: logvar mean: -160.3331, logvar std: 75.8222
2025-02-14 01:33:44,760 INFO: Epoch 3/20: Train Loss = 830575167.6180 (Recon = 0.1383, KL = 830575163243.3175), Val Loss = 26923683.2277
2025-02-14 01:33:44,760 INFO: mu mean: 0.4073, mu std: 6.1493
2025-02-14 01:33:44,761 INFO: logvar mean: -181.3307, logvar std: 105.3627
2025-02-14 01:35:04,241 INFO: Configuration:
2025-02-14 01:35:04,241 INFO: IMG_SIZE: 224, BATCH_SIZE: 256, LR: 0.001, EPOCHS: 20
2025-02-14 01:35:04,242 INFO: Device: cuda
2025-02-14 01:35:04,608 INFO: Target class: fox, Train samples: 4549, Val samples: 1299
2025-02-14 01:35:04,608 INFO: Input (grayscale) transform pipeline:
2025-02-14 01:35:04,609 INFO: ToPILImage()
2025-02-14 01:35:04,609 INFO: Resize(size=(224, 224), interpolation=bilinear, max_size=None, antialias=True)
2025-02-14 01:35:04,609 INFO: Grayscale(num_output_channels=1)
2025-02-14 01:35:04,610 INFO: ToTensor()
2025-02-14 01:35:04,610 INFO: Target (color) transform pipeline:
2025-02-14 01:35:04,610 INFO: ToPILImage()
2025-02-14 01:35:04,610 INFO: Resize(size=(224, 224), interpolation=bilinear, max_size=None, antialias=True)
2025-02-14 01:35:04,610 INFO: ToTensor()
2025-02-14 01:35:04,929 INFO: Model architecture:
ColorizationVAE(
  (encoder): Sequential(
    (0): Conv2d(1, 64, kernel_size=(4, 4), stride=(2, 2), padding=(1, 1))
    (1): BatchNorm2d(64, eps=1e-05, momentum=0.1, affine=True, track_running_stats=True)
    (2): ReLU()
    (3): Conv2d(64, 128, kernel_size=(4, 4), stride=(2, 2), padding=(1, 1))
    (4): BatchNorm2d(128, eps=1e-05, momentum=0.1, affine=True, track_running_stats=True)
    (5): ReLU()
    (6): Conv2d(128, 256, kernel_size=(4, 4), stride=(2, 2), padding=(1, 1))
    (7): BatchNorm2d(256, eps=1e-05, momentum=0.1, affine=True, track_running_stats=True)
    (8): ReLU()
    (9): Conv2d(256, 512, kernel_size=(4, 4), stride=(2, 2), padding=(1, 1))
    (10): BatchNorm2d(512, eps=1e-05, momentum=0.1, affine=True, track_running_stats=True)
    (11): ReLU()
  )
  (fc_mu): Linear(in_features=100352, out_features=128, bias=True)
  (fc_logvar): Linear(in_features=100352, out_features=128, bias=True)
  (decoder_input): Linear(in_features=128, out_features=100352, bias=True)
  (decoder): Sequential(
    (0): ConvTranspose2d(512, 256, kernel_size=(4, 4), stride=(2, 2), padding=(1, 1))
    (1): BatchNorm2d(256, eps=1e-05, momentum=0.1, affine=True, track_running_stats=True)
    (2): ReLU()
    (3): ConvTranspose2d(256, 128, kernel_size=(4, 4), stride=(2, 2), padding=(1, 1))
    (4): BatchNorm2d(128, eps=1e-05, momentum=0.1, affine=True, track_running_stats=True)
    (5): ReLU()
    (6): ConvTranspose2d(128, 64, kernel_size=(4, 4), stride=(2, 2), padding=(1, 1))
    (7): BatchNorm2d(64, eps=1e-05, momentum=0.1, affine=True, track_running_stats=True)
    (8): ReLU()
    (9): ConvTranspose2d(64, 3, kernel_size=(4, 4), stride=(2, 2), padding=(1, 1))
    (10): Sigmoid()
  )
)
2025-02-14 01:35:16,959 INFO: Epoch 1/20: Train Loss = nan (Recon = nan, KL = nan), Val Loss = nan
2025-02-14 01:35:16,960 INFO: mu mean: nan, mu std: nan
2025-02-14 01:35:16,960 INFO: logvar mean: nan, logvar std: nan
2025-02-14 01:35:27,716 INFO: Epoch 2/20: Train Loss = nan (Recon = nan, KL = nan), Val Loss = nan
2025-02-14 01:35:27,717 INFO: mu mean: nan, mu std: nan
2025-02-14 01:35:27,717 INFO: logvar mean: nan, logvar std: nan
2025-02-14 01:35:52,773 INFO: Configuration:
2025-02-14 01:35:52,774 INFO: IMG_SIZE: 224, BATCH_SIZE: 256, LR: 0.001, EPOCHS: 20
2025-02-14 01:35:52,774 INFO: Device: cuda
2025-02-14 01:35:53,137 INFO: Target class: fox, Train samples: 4549, Val samples: 1299
2025-02-14 01:35:53,137 INFO: Input (grayscale) transform pipeline:
2025-02-14 01:35:53,137 INFO: ToPILImage()
2025-02-14 01:35:53,137 INFO: Resize(size=(224, 224), interpolation=bilinear, max_size=None, antialias=True)
2025-02-14 01:35:53,138 INFO: Grayscale(num_output_channels=1)
2025-02-14 01:35:53,138 INFO: ToTensor()
2025-02-14 01:35:53,138 INFO: Target (color) transform pipeline:
2025-02-14 01:35:53,138 INFO: ToPILImage()
2025-02-14 01:35:53,138 INFO: Resize(size=(224, 224), interpolation=bilinear, max_size=None, antialias=True)
2025-02-14 01:35:53,138 INFO: ToTensor()
2025-02-14 01:35:53,374 INFO: Model architecture:
ColorizationVAE(
  (encoder): Sequential(
    (0): Conv2d(1, 64, kernel_size=(4, 4), stride=(2, 2), padding=(1, 1))
    (1): BatchNorm2d(64, eps=1e-05, momentum=0.1, affine=True, track_running_stats=True)
    (2): ReLU()
    (3): Conv2d(64, 128, kernel_size=(4, 4), stride=(2, 2), padding=(1, 1))
    (4): BatchNorm2d(128, eps=1e-05, momentum=0.1, affine=True, track_running_stats=True)
    (5): ReLU()
    (6): Conv2d(128, 256, kernel_size=(4, 4), stride=(2, 2), padding=(1, 1))
    (7): BatchNorm2d(256, eps=1e-05, momentum=0.1, affine=True, track_running_stats=True)
    (8): ReLU()
    (9): Conv2d(256, 512, kernel_size=(4, 4), stride=(2, 2), padding=(1, 1))
    (10): BatchNorm2d(512, eps=1e-05, momentum=0.1, affine=True, track_running_stats=True)
    (11): ReLU()
  )
  (fc_mu): Linear(in_features=100352, out_features=128, bias=True)
  (fc_logvar): Linear(in_features=100352, out_features=128, bias=True)
  (decoder_input): Linear(in_features=128, out_features=100352, bias=True)
  (decoder): Sequential(
    (0): ConvTranspose2d(512, 256, kernel_size=(4, 4), stride=(2, 2), padding=(1, 1))
    (1): BatchNorm2d(256, eps=1e-05, momentum=0.1, affine=True, track_running_stats=True)
    (2): ReLU()
    (3): ConvTranspose2d(256, 128, kernel_size=(4, 4), stride=(2, 2), padding=(1, 1))
    (4): BatchNorm2d(128, eps=1e-05, momentum=0.1, affine=True, track_running_stats=True)
    (5): ReLU()
    (6): ConvTranspose2d(128, 64, kernel_size=(4, 4), stride=(2, 2), padding=(1, 1))
    (7): BatchNorm2d(64, eps=1e-05, momentum=0.1, affine=True, track_running_stats=True)
    (8): ReLU()
    (9): ConvTranspose2d(64, 3, kernel_size=(4, 4), stride=(2, 2), padding=(1, 1))
    (10): Sigmoid()
  )
)
2025-02-14 01:36:04,835 INFO: Epoch 1/20: Train Loss = nan (Recon = nan, KL = nan), Val Loss = nan
2025-02-14 01:36:04,836 INFO: mu mean: nan, mu std: nan
2025-02-14 01:36:04,836 INFO: logvar mean: nan, logvar std: nan
2025-02-14 01:36:16,037 INFO: Epoch 2/20: Train Loss = nan (Recon = nan, KL = nan), Val Loss = nan
2025-02-14 01:36:16,037 INFO: mu mean: nan, mu std: nan
2025-02-14 01:36:16,038 INFO: logvar mean: nan, logvar std: nan
2025-02-14 01:37:02,983 INFO: Configuration:
2025-02-14 01:37:02,983 INFO: IMG_SIZE: 224, BATCH_SIZE: 256, LR: 0.001, EPOCHS: 20
2025-02-14 01:37:02,983 INFO: Device: cuda
2025-02-14 01:37:03,391 INFO: Target class: fox, Train samples: 4549, Val samples: 1299
2025-02-14 01:37:03,392 INFO: Input (grayscale) transform pipeline:
2025-02-14 01:37:03,392 INFO: ToPILImage()
2025-02-14 01:37:03,392 INFO: Resize(size=(224, 224), interpolation=bilinear, max_size=None, antialias=True)
2025-02-14 01:37:03,392 INFO: Grayscale(num_output_channels=1)
2025-02-14 01:37:03,393 INFO: ToTensor()
2025-02-14 01:37:03,393 INFO: Target (color) transform pipeline:
2025-02-14 01:37:03,393 INFO: ToPILImage()
2025-02-14 01:37:03,393 INFO: Resize(size=(224, 224), interpolation=bilinear, max_size=None, antialias=True)
2025-02-14 01:37:03,394 INFO: ToTensor()
2025-02-14 01:37:03,641 INFO: Model architecture:
ColorizationVAE(
  (encoder): Sequential(
    (0): Conv2d(1, 64, kernel_size=(4, 4), stride=(2, 2), padding=(1, 1))
    (1): BatchNorm2d(64, eps=1e-05, momentum=0.1, affine=True, track_running_stats=True)
    (2): ReLU()
    (3): Conv2d(64, 128, kernel_size=(4, 4), stride=(2, 2), padding=(1, 1))
    (4): BatchNorm2d(128, eps=1e-05, momentum=0.1, affine=True, track_running_stats=True)
    (5): ReLU()
    (6): Conv2d(128, 256, kernel_size=(4, 4), stride=(2, 2), padding=(1, 1))
    (7): BatchNorm2d(256, eps=1e-05, momentum=0.1, affine=True, track_running_stats=True)
    (8): ReLU()
    (9): Conv2d(256, 512, kernel_size=(4, 4), stride=(2, 2), padding=(1, 1))
    (10): BatchNorm2d(512, eps=1e-05, momentum=0.1, affine=True, track_running_stats=True)
    (11): ReLU()
  )
  (fc_mu): Linear(in_features=100352, out_features=128, bias=True)
  (fc_logvar): Linear(in_features=100352, out_features=128, bias=True)
  (decoder_input): Linear(in_features=128, out_features=100352, bias=True)
  (decoder): Sequential(
    (0): ConvTranspose2d(512, 256, kernel_size=(4, 4), stride=(2, 2), padding=(1, 1))
    (1): BatchNorm2d(256, eps=1e-05, momentum=0.1, affine=True, track_running_stats=True)
    (2): ReLU()
    (3): ConvTranspose2d(256, 128, kernel_size=(4, 4), stride=(2, 2), padding=(1, 1))
    (4): BatchNorm2d(128, eps=1e-05, momentum=0.1, affine=True, track_running_stats=True)
    (5): ReLU()
    (6): ConvTranspose2d(128, 64, kernel_size=(4, 4), stride=(2, 2), padding=(1, 1))
    (7): BatchNorm2d(64, eps=1e-05, momentum=0.1, affine=True, track_running_stats=True)
    (8): ReLU()
    (9): ConvTranspose2d(64, 3, kernel_size=(4, 4), stride=(2, 2), padding=(1, 1))
    (10): Sigmoid()
  )
)
2025-02-14 01:37:15,280 INFO: Epoch 1/20: Train Loss = nan (Recon = nan, KL = nan), Val Loss = nan
2025-02-14 01:37:15,280 INFO: mu mean: nan, mu std: nan
2025-02-14 01:37:15,281 INFO: logvar mean: nan, logvar std: nan
2025-02-14 01:38:01,445 INFO: Configuration:
2025-02-14 01:38:01,446 INFO: IMG_SIZE: 224, BATCH_SIZE: 256, LR: 0.001, EPOCHS: 20
2025-02-14 01:38:01,446 INFO: Device: cuda
2025-02-14 01:38:01,873 INFO: Target class: fox, Train samples: 4549, Val samples: 1299
2025-02-14 01:38:01,873 INFO: Input (grayscale) transform pipeline:
2025-02-14 01:38:01,873 INFO: ToPILImage()
2025-02-14 01:38:01,873 INFO: Resize(size=(224, 224), interpolation=bilinear, max_size=None, antialias=True)
2025-02-14 01:38:01,874 INFO: Grayscale(num_output_channels=1)
2025-02-14 01:38:01,874 INFO: ToTensor()
2025-02-14 01:38:01,874 INFO: Target (color) transform pipeline:
2025-02-14 01:38:01,874 INFO: ToPILImage()
2025-02-14 01:38:01,874 INFO: Resize(size=(224, 224), interpolation=bilinear, max_size=None, antialias=True)
2025-02-14 01:38:01,875 INFO: ToTensor()
2025-02-14 01:38:02,252 INFO: Model architecture:
ColorizationVAE(
  (encoder): Sequential(
    (0): Conv2d(1, 64, kernel_size=(4, 4), stride=(2, 2), padding=(1, 1))
    (1): BatchNorm2d(64, eps=1e-05, momentum=0.1, affine=True, track_running_stats=True)
    (2): ReLU()
    (3): Conv2d(64, 128, kernel_size=(4, 4), stride=(2, 2), padding=(1, 1))
    (4): BatchNorm2d(128, eps=1e-05, momentum=0.1, affine=True, track_running_stats=True)
    (5): ReLU()
    (6): Conv2d(128, 256, kernel_size=(4, 4), stride=(2, 2), padding=(1, 1))
    (7): BatchNorm2d(256, eps=1e-05, momentum=0.1, affine=True, track_running_stats=True)
    (8): ReLU()
    (9): Conv2d(256, 512, kernel_size=(4, 4), stride=(2, 2), padding=(1, 1))
    (10): BatchNorm2d(512, eps=1e-05, momentum=0.1, affine=True, track_running_stats=True)
    (11): ReLU()
  )
  (fc_mu): Linear(in_features=100352, out_features=128, bias=True)
  (fc_logvar): Linear(in_features=100352, out_features=128, bias=True)
  (decoder_input): Linear(in_features=128, out_features=100352, bias=True)
  (decoder): Sequential(
    (0): ConvTranspose2d(512, 256, kernel_size=(4, 4), stride=(2, 2), padding=(1, 1))
    (1): BatchNorm2d(256, eps=1e-05, momentum=0.1, affine=True, track_running_stats=True)
    (2): ReLU()
    (3): ConvTranspose2d(256, 128, kernel_size=(4, 4), stride=(2, 2), padding=(1, 1))
    (4): BatchNorm2d(128, eps=1e-05, momentum=0.1, affine=True, track_running_stats=True)
    (5): ReLU()
    (6): ConvTranspose2d(128, 64, kernel_size=(4, 4), stride=(2, 2), padding=(1, 1))
    (7): BatchNorm2d(64, eps=1e-05, momentum=0.1, affine=True, track_running_stats=True)
    (8): ReLU()
    (9): ConvTranspose2d(64, 3, kernel_size=(4, 4), stride=(2, 2), padding=(1, 1))
    (10): Sigmoid()
  )
)
2025-02-14 01:38:13,939 INFO: Epoch 1/20: Train Loss = 0.2635 (Recon = 0.2194, KL = 44.1345), Val Loss = 0.3272
2025-02-14 01:38:13,939 INFO: mu mean: -0.2030, mu std: 2.8285
2025-02-14 01:38:13,940 INFO: logvar mean: -2.4598, logvar std: 5.6911
2025-02-14 01:38:14,413 INFO: Saved best model at epoch 1 with Val Loss = 0.3272
2025-02-14 01:38:25,354 INFO: Epoch 2/20: Train Loss = 0.1909 (Recon = 0.1735, KL = 17.4111), Val Loss = 0.1861
2025-02-14 01:38:25,355 INFO: mu mean: -0.1137, mu std: 4.0371
2025-02-14 01:38:25,356 INFO: logvar mean: -5.0392, logvar std: 6.0074
2025-02-14 01:38:25,867 INFO: Saved best model at epoch 2 with Val Loss = 0.1861
2025-02-14 01:38:37,201 INFO: Epoch 3/20: Train Loss = 0.1740 (Recon = 0.1568, KL = 17.1824), Val Loss = 0.1684
2025-02-14 01:38:37,201 INFO: mu mean: -0.3742, mu std: 3.8785
2025-02-14 01:38:37,201 INFO: logvar mean: -5.7102, logvar std: 5.9784
2025-02-14 01:38:37,805 INFO: Saved best model at epoch 3 with Val Loss = 0.1684
2025-02-14 01:38:49,135 INFO: Epoch 4/20: Train Loss = 0.1588 (Recon = 0.1439, KL = 14.8969), Val Loss = 0.1637
2025-02-14 01:38:49,136 INFO: mu mean: -0.0432, mu std: 4.2803
2025-02-14 01:38:49,136 INFO: logvar mean: -6.0319, logvar std: 5.9465
2025-02-14 01:38:49,761 INFO: Saved best model at epoch 4 with Val Loss = 0.1637
2025-02-14 01:39:00,916 INFO: Epoch 5/20: Train Loss = 0.1508 (Recon = 0.1346, KL = 16.1382), Val Loss = 0.1774
2025-02-14 01:39:00,918 INFO: mu mean: 0.0596, mu std: 3.6736
2025-02-14 01:39:00,918 INFO: logvar mean: -6.1377, logvar std: 5.9170
2025-02-14 01:39:12,081 INFO: Epoch 6/20: Train Loss = 0.1397 (Recon = 0.1269, KL = 12.7793), Val Loss = 0.1379
2025-02-14 01:39:12,082 INFO: mu mean: 0.1612, mu std: 3.7601
2025-02-14 01:39:12,082 INFO: logvar mean: -6.2485, logvar std: 5.8852
2025-02-14 01:39:12,828 INFO: Saved best model at epoch 6 with Val Loss = 0.1379
2025-02-14 01:39:24,059 INFO: Epoch 7/20: Train Loss = 0.1397 (Recon = 0.1253, KL = 14.3948), Val Loss = 0.1419
2025-02-14 01:39:24,060 INFO: mu mean: 0.1572, mu std: 3.9561
2025-02-14 01:39:24,060 INFO: logvar mean: -6.2933, logvar std: 5.8444
2025-02-14 01:39:35,295 INFO: Epoch 8/20: Train Loss = 0.1327 (Recon = 0.1204, KL = 12.2955), Val Loss = 0.1379
2025-02-14 01:39:35,296 INFO: mu mean: 0.0088, mu std: 3.4297
2025-02-14 01:39:35,296 INFO: logvar mean: -6.3192, logvar std: 5.8411
2025-02-14 01:39:46,323 INFO: Epoch 9/20: Train Loss = 0.1304 (Recon = 0.1178, KL = 12.5785), Val Loss = 0.1422
2025-02-14 01:39:46,323 INFO: mu mean: 0.0993, mu std: 3.3696
2025-02-14 01:39:46,324 INFO: logvar mean: -6.3529, logvar std: 5.8402
2025-02-14 01:39:57,310 INFO: Epoch 10/20: Train Loss = 0.1417 (Recon = 0.1225, KL = 19.1754), Val Loss = 0.1786
2025-02-14 01:39:57,311 INFO: mu mean: -0.0351, mu std: 5.4278
2025-02-14 01:39:57,311 INFO: logvar mean: -6.3598, logvar std: 5.8383
2025-02-14 01:40:08,495 INFO: Epoch 11/20: Train Loss = 0.1351 (Recon = 0.1187, KL = 16.3626), Val Loss = 0.1324
2025-02-14 01:40:08,496 INFO: mu mean: -0.0418, mu std: 3.3150
2025-02-14 01:40:08,496 INFO: logvar mean: -6.5385, logvar std: 5.7405
2025-02-14 01:40:09,331 INFO: Saved best model at epoch 11 with Val Loss = 0.1324
2025-02-14 01:40:20,510 INFO: Epoch 12/20: Train Loss = 0.1219 (Recon = 0.1111, KL = 10.8144), Val Loss = 0.1340
2025-02-14 01:40:20,510 INFO: mu mean: 0.0339, mu std: 2.7007
2025-02-14 01:40:20,510 INFO: logvar mean: -6.5469, logvar std: 5.7428
2025-02-14 01:40:31,763 INFO: Epoch 13/20: Train Loss = 0.1168 (Recon = 0.1072, KL = 9.6259), Val Loss = 0.1181
2025-02-14 01:40:31,763 INFO: mu mean: 0.0132, mu std: 2.7139
2025-02-14 01:40:31,763 INFO: logvar mean: -6.5469, logvar std: 5.7428
2025-02-14 01:40:32,519 INFO: Saved best model at epoch 13 with Val Loss = 0.1181
2025-02-14 01:40:43,832 INFO: Epoch 14/20: Train Loss = 0.1163 (Recon = 0.1065, KL = 9.7613), Val Loss = 0.1212
2025-02-14 01:40:43,833 INFO: mu mean: 0.0390, mu std: 2.8429
2025-02-14 01:40:43,835 INFO: logvar mean: -6.5469, logvar std: 5.7428
2025-02-14 01:40:55,071 INFO: Epoch 15/20: Train Loss = 0.1166 (Recon = 0.1062, KL = 10.4191), Val Loss = 0.1171
2025-02-14 01:40:55,071 INFO: mu mean: 0.0994, mu std: 3.1238
2025-02-14 01:40:55,072 INFO: logvar mean: -6.5290, logvar std: 5.7400
2025-02-14 01:40:55,813 INFO: Saved best model at epoch 15 with Val Loss = 0.1171
2025-02-14 01:41:06,905 INFO: Epoch 16/20: Train Loss = 0.1120 (Recon = 0.1026, KL = 9.3478), Val Loss = 0.1128
2025-02-14 01:41:06,905 INFO: mu mean: 0.0334, mu std: 2.8714
2025-02-14 01:41:06,906 INFO: logvar mean: -6.5003, logvar std: 5.7430
2025-02-14 01:41:07,610 INFO: Saved best model at epoch 16 with Val Loss = 0.1128
2025-02-14 01:41:18,815 INFO: Epoch 17/20: Train Loss = 0.1091 (Recon = 0.1004, KL = 8.7125), Val Loss = 0.1171
2025-02-14 01:41:18,816 INFO: mu mean: -0.0147, mu std: 2.5821
2025-02-14 01:41:18,816 INFO: logvar mean: -6.6446, logvar std: 5.6874
2025-02-14 01:41:29,890 INFO: Epoch 18/20: Train Loss = 0.1086 (Recon = 0.0998, KL = 8.8217), Val Loss = 0.1106
2025-02-14 01:41:29,891 INFO: mu mean: 0.1339, mu std: 2.7358
2025-02-14 01:41:29,891 INFO: logvar mean: -6.6438, logvar std: 5.6873
2025-02-14 01:41:30,416 INFO: Saved best model at epoch 18 with Val Loss = 0.1106
2025-02-14 01:41:41,765 INFO: Epoch 19/20: Train Loss = 0.1065 (Recon = 0.0977, KL = 8.8084), Val Loss = 0.1077
2025-02-14 01:41:41,766 INFO: mu mean: 0.0437, mu std: 2.3407
2025-02-14 01:41:41,766 INFO: logvar mean: -6.6345, logvar std: 5.6882
2025-02-14 01:41:42,501 INFO: Saved best model at epoch 19 with Val Loss = 0.1077
2025-02-14 01:41:53,724 INFO: Epoch 20/20: Train Loss = 0.1043 (Recon = 0.0960, KL = 8.2449), Val Loss = 0.1080
2025-02-14 01:41:53,724 INFO: mu mean: 0.0458, mu std: 2.4056
2025-02-14 01:41:53,725 INFO: logvar mean: -6.6305, logvar std: 5.6870
2025-02-14 01:41:54,247 INFO: Saved model and history to:
/media/Ittwin/E/_uni/DL_Project/tiger-fox-elephant/weights/fox_vae_model.pth
/media/Ittwin/E/_uni/DL_Project/tiger-fox-elephant/weights/fox_vae_history.npz
2025-02-14 01:43:56,140 INFO: Configuration:
2025-02-14 01:43:56,141 INFO: IMG_SIZE: 224, BATCH_SIZE: 256, LR: 0.001, EPOCHS: 20
2025-02-14 01:43:56,141 INFO: Device: cuda
2025-02-14 01:43:56,549 INFO: Target class: fox, Train samples: 4549, Val samples: 1299
2025-02-14 01:43:56,549 INFO: Input (grayscale) transform pipeline:
2025-02-14 01:43:56,550 INFO: ToPILImage()
2025-02-14 01:43:56,550 INFO: Resize(size=(224, 224), interpolation=bilinear, max_size=None, antialias=True)
2025-02-14 01:43:56,550 INFO: Grayscale(num_output_channels=1)
2025-02-14 01:43:56,550 INFO: ToTensor()
2025-02-14 01:43:56,551 INFO: Target (color) transform pipeline:
2025-02-14 01:43:56,551 INFO: ToPILImage()
2025-02-14 01:43:56,551 INFO: Resize(size=(224, 224), interpolation=bilinear, max_size=None, antialias=True)
2025-02-14 01:43:56,551 INFO: ToTensor()
2025-02-14 01:43:56,790 INFO: Model architecture:
ColorizationVAE(
  (encoder): Sequential(
    (0): Conv2d(1, 64, kernel_size=(4, 4), stride=(2, 2), padding=(1, 1))
    (1): BatchNorm2d(64, eps=1e-05, momentum=0.1, affine=True, track_running_stats=True)
    (2): ReLU()
    (3): Conv2d(64, 128, kernel_size=(4, 4), stride=(2, 2), padding=(1, 1))
    (4): BatchNorm2d(128, eps=1e-05, momentum=0.1, affine=True, track_running_stats=True)
    (5): ReLU()
    (6): Conv2d(128, 256, kernel_size=(4, 4), stride=(2, 2), padding=(1, 1))
    (7): BatchNorm2d(256, eps=1e-05, momentum=0.1, affine=True, track_running_stats=True)
    (8): ReLU()
    (9): Conv2d(256, 512, kernel_size=(4, 4), stride=(2, 2), padding=(1, 1))
    (10): BatchNorm2d(512, eps=1e-05, momentum=0.1, affine=True, track_running_stats=True)
    (11): ReLU()
  )
  (fc_mu): Linear(in_features=100352, out_features=128, bias=True)
  (fc_logvar): Linear(in_features=100352, out_features=128, bias=True)
  (decoder_input): Linear(in_features=128, out_features=100352, bias=True)
  (decoder): Sequential(
    (0): ConvTranspose2d(512, 256, kernel_size=(4, 4), stride=(2, 2), padding=(1, 1))
    (1): BatchNorm2d(256, eps=1e-05, momentum=0.1, affine=True, track_running_stats=True)
    (2): ReLU()
    (3): ConvTranspose2d(256, 128, kernel_size=(4, 4), stride=(2, 2), padding=(1, 1))
    (4): BatchNorm2d(128, eps=1e-05, momentum=0.1, affine=True, track_running_stats=True)
    (5): ReLU()
    (6): ConvTranspose2d(128, 64, kernel_size=(4, 4), stride=(2, 2), padding=(1, 1))
    (7): BatchNorm2d(64, eps=1e-05, momentum=0.1, affine=True, track_running_stats=True)
    (8): ReLU()
    (9): ConvTranspose2d(64, 3, kernel_size=(4, 4), stride=(2, 2), padding=(1, 1))
    (10): Sigmoid()
  )
)
2025-02-14 01:44:43,830 INFO: Target class: fox, Train samples: 4549, Val samples: 1299
2025-02-14 01:44:43,831 INFO: Input (grayscale) transform pipeline:
2025-02-14 01:44:43,831 INFO: ToPILImage()
2025-02-14 01:44:43,831 INFO: Resize(size=(224, 224), interpolation=bilinear, max_size=None, antialias=True)
2025-02-14 01:44:43,831 INFO: Grayscale(num_output_channels=1)
2025-02-14 01:44:43,832 INFO: ToTensor()
2025-02-14 01:44:43,832 INFO: Target (color) transform pipeline:
2025-02-14 01:44:43,832 INFO: ToPILImage()
2025-02-14 01:44:43,833 INFO: Resize(size=(224, 224), interpolation=bilinear, max_size=None, antialias=True)
2025-02-14 01:44:43,833 INFO: ToTensor()
2025-02-14 01:44:44,066 INFO: Loaded model from /media/Ittwin/E/_uni/DL_Project/tiger-fox-elephant/weights/fox_vae_model.pth
2025-02-14 01:44:44,066 INFO: Model architecture:
ColorizationVAE(
  (encoder): Sequential(
    (0): Conv2d(1, 64, kernel_size=(4, 4), stride=(2, 2), padding=(1, 1))
    (1): BatchNorm2d(64, eps=1e-05, momentum=0.1, affine=True, track_running_stats=True)
    (2): ReLU()
    (3): Conv2d(64, 128, kernel_size=(4, 4), stride=(2, 2), padding=(1, 1))
    (4): BatchNorm2d(128, eps=1e-05, momentum=0.1, affine=True, track_running_stats=True)
    (5): ReLU()
    (6): Conv2d(128, 256, kernel_size=(4, 4), stride=(2, 2), padding=(1, 1))
    (7): BatchNorm2d(256, eps=1e-05, momentum=0.1, affine=True, track_running_stats=True)
    (8): ReLU()
    (9): Conv2d(256, 512, kernel_size=(4, 4), stride=(2, 2), padding=(1, 1))
    (10): BatchNorm2d(512, eps=1e-05, momentum=0.1, affine=True, track_running_stats=True)
    (11): ReLU()
  )
  (fc_mu): Linear(in_features=100352, out_features=128, bias=True)
  (fc_logvar): Linear(in_features=100352, out_features=128, bias=True)
  (decoder_input): Linear(in_features=128, out_features=100352, bias=True)
  (decoder): Sequential(
    (0): ConvTranspose2d(512, 256, kernel_size=(4, 4), stride=(2, 2), padding=(1, 1))
    (1): BatchNorm2d(256, eps=1e-05, momentum=0.1, affine=True, track_running_stats=True)
    (2): ReLU()
    (3): ConvTranspose2d(256, 128, kernel_size=(4, 4), stride=(2, 2), padding=(1, 1))
    (4): BatchNorm2d(128, eps=1e-05, momentum=0.1, affine=True, track_running_stats=True)
    (5): ReLU()
    (6): ConvTranspose2d(128, 64, kernel_size=(4, 4), stride=(2, 2), padding=(1, 1))
    (7): BatchNorm2d(64, eps=1e-05, momentum=0.1, affine=True, track_running_stats=True)
    (8): ReLU()
    (9): ConvTranspose2d(64, 3, kernel_size=(4, 4), stride=(2, 2), padding=(1, 1))
    (10): Sigmoid()
  )
)
2025-02-14 01:44:55,583 INFO: Epoch 1/20: Train Loss = 0.1785 (Recon = 0.1446, KL = 33.8638), Val Loss = 0.1356
2025-02-14 01:44:55,585 INFO: mu mean: -0.2572, mu std: 3.9659
2025-02-14 01:44:55,585 INFO: logvar mean: -6.2135, logvar std: 5.6974
2025-02-14 01:44:56,326 INFO: Saved best model at epoch 1 with Val Loss = 0.1356
2025-02-14 01:45:07,696 INFO: Epoch 2/20: Train Loss = 0.1180 (Recon = 0.1065, KL = 11.5223), Val Loss = 0.1193
2025-02-14 01:45:07,697 INFO: mu mean: -0.1256, mu std: 2.8697
2025-02-14 01:45:07,697 INFO: logvar mean: -6.4458, logvar std: 5.6742
2025-02-14 01:45:08,234 INFO: Saved best model at epoch 2 with Val Loss = 0.1193
2025-02-14 01:45:19,411 INFO: Epoch 3/20: Train Loss = 0.1080 (Recon = 0.0991, KL = 8.8635), Val Loss = 0.1106
2025-02-14 01:45:19,412 INFO: mu mean: 0.0677, mu std: 2.4449
2025-02-14 01:45:19,412 INFO: logvar mean: -6.3678, logvar std: 5.6732
2025-02-14 01:45:19,900 INFO: Saved best model at epoch 3 with Val Loss = 0.1106
2025-02-14 01:45:30,971 INFO: Epoch 4/20: Train Loss = 0.1046 (Recon = 0.0963, KL = 8.2938), Val Loss = 0.1074
2025-02-14 01:45:30,971 INFO: mu mean: 0.0846, mu std: 2.4686
2025-02-14 01:45:30,972 INFO: logvar mean: -6.3689, logvar std: 5.6698
2025-02-14 01:45:31,627 INFO: Saved best model at epoch 4 with Val Loss = 0.1074
2025-02-14 01:45:42,680 INFO: Epoch 5/20: Train Loss = 0.1018 (Recon = 0.0938, KL = 7.9744), Val Loss = 0.1030
2025-02-14 01:45:42,682 INFO: mu mean: 0.0162, mu std: 2.0968
2025-02-14 01:45:42,682 INFO: logvar mean: -6.4412, logvar std: 5.6753
2025-02-14 01:45:43,303 INFO: Saved best model at epoch 5 with Val Loss = 0.1030
2025-02-14 01:45:53,915 INFO: Epoch 6/20: Train Loss = 0.1010 (Recon = 0.0933, KL = 7.6430), Val Loss = 0.1047
2025-02-14 01:45:53,916 INFO: mu mean: -0.0052, mu std: 2.1442
2025-02-14 01:45:53,916 INFO: logvar mean: -6.4222, logvar std: 5.6717
2025-02-14 01:46:04,890 INFO: Epoch 7/20: Train Loss = 0.0995 (Recon = 0.0919, KL = 7.5825), Val Loss = 0.1011
2025-02-14 01:46:04,891 INFO: mu mean: -0.0138, mu std: 2.0035
2025-02-14 01:46:04,891 INFO: logvar mean: -6.3964, logvar std: 5.6642
2025-02-14 01:46:05,643 INFO: Saved best model at epoch 7 with Val Loss = 0.1011
2025-02-14 01:46:16,705 INFO: Epoch 8/20: Train Loss = 0.0989 (Recon = 0.0913, KL = 7.5490), Val Loss = 0.0989
2025-02-14 01:46:16,706 INFO: mu mean: 0.0172, mu std: 1.9995
2025-02-14 01:46:16,706 INFO: logvar mean: -6.5773, logvar std: 5.5683
2025-02-14 01:46:17,500 INFO: Saved best model at epoch 8 with Val Loss = 0.0989
2025-02-14 01:46:28,453 INFO: Epoch 9/20: Train Loss = 0.0970 (Recon = 0.0898, KL = 7.2317), Val Loss = 0.1000
2025-02-14 01:46:28,453 INFO: mu mean: 0.0383, mu std: 1.8789
2025-02-14 01:46:28,453 INFO: logvar mean: -6.6011, logvar std: 5.5696
2025-02-14 01:46:39,448 INFO: Epoch 10/20: Train Loss = 0.0970 (Recon = 0.0899, KL = 7.1259), Val Loss = 0.1016
2025-02-14 01:46:39,448 INFO: mu mean: 0.0124, mu std: 1.9172
2025-02-14 01:46:39,448 INFO: logvar mean: -6.7733, logvar std: 5.3738
2025-02-14 01:46:50,457 INFO: Epoch 11/20: Train Loss = 0.0983 (Recon = 0.0907, KL = 7.6910), Val Loss = 0.0983
2025-02-14 01:46:50,457 INFO: mu mean: -0.0167, mu std: 2.0195
2025-02-14 01:46:50,458 INFO: logvar mean: -7.8827, logvar std: 4.5916
2025-02-14 01:46:51,183 INFO: Saved best model at epoch 11 with Val Loss = 0.0983
2025-02-14 01:47:02,193 INFO: Epoch 12/20: Train Loss = 0.0946 (Recon = 0.0879, KL = 6.7581), Val Loss = 0.1006
2025-02-14 01:47:02,194 INFO: mu mean: -0.0392, mu std: 1.7161
2025-02-14 01:47:02,196 INFO: logvar mean: -8.3808, logvar std: 4.0220
2025-02-14 01:47:13,348 INFO: Epoch 13/20: Train Loss = 0.0959 (Recon = 0.0892, KL = 6.6669), Val Loss = 0.0977
2025-02-14 01:47:13,349 INFO: mu mean: 0.0857, mu std: 1.8943
2025-02-14 01:47:13,349 INFO: logvar mean: -8.3453, logvar std: 4.0015
2025-02-14 01:47:13,920 INFO: Saved best model at epoch 13 with Val Loss = 0.0977
2025-02-14 01:47:25,101 INFO: Epoch 14/20: Train Loss = 0.0923 (Recon = 0.0860, KL = 6.3420), Val Loss = 0.1022
2025-02-14 01:47:25,102 INFO: mu mean: 0.0153, mu std: 1.7256
2025-02-14 01:47:25,102 INFO: logvar mean: -8.3832, logvar std: 3.9555
2025-02-14 01:47:35,795 INFO: Epoch 15/20: Train Loss = 0.0922 (Recon = 0.0860, KL = 6.1995), Val Loss = 0.0967
2025-02-14 01:47:35,795 INFO: mu mean: 0.0184, mu std: 1.8877
2025-02-14 01:47:35,795 INFO: logvar mean: -8.7023, logvar std: 3.3950
2025-02-14 01:47:36,600 INFO: Saved best model at epoch 15 with Val Loss = 0.0967
2025-02-14 01:47:47,584 INFO: Epoch 16/20: Train Loss = 0.0902 (Recon = 0.0841, KL = 6.0992), Val Loss = 0.0931
2025-02-14 01:47:47,585 INFO: mu mean: -0.0085, mu std: 1.5483
2025-02-14 01:47:47,585 INFO: logvar mean: -8.8466, logvar std: 3.0856
2025-02-14 01:47:48,197 INFO: Saved best model at epoch 16 with Val Loss = 0.0931
2025-02-14 01:47:58,926 INFO: Epoch 17/20: Train Loss = 0.0904 (Recon = 0.0846, KL = 5.7972), Val Loss = 0.0949
2025-02-14 01:47:58,927 INFO: mu mean: -0.0128, mu std: 1.7514
2025-02-14 01:47:58,927 INFO: logvar mean: -8.5637, logvar std: 3.3309
2025-02-14 01:48:09,718 INFO: Epoch 18/20: Train Loss = 0.0879 (Recon = 0.0822, KL = 5.7133), Val Loss = 0.0918
2025-02-14 01:48:09,718 INFO: mu mean: 0.0039, mu std: 1.5688
2025-02-14 01:48:09,718 INFO: logvar mean: -8.6212, logvar std: 3.1288
2025-02-14 01:48:10,214 INFO: Saved best model at epoch 18 with Val Loss = 0.0918
2025-02-14 01:48:21,480 INFO: Epoch 19/20: Train Loss = 0.0867 (Recon = 0.0814, KL = 5.3115), Val Loss = 0.0922
2025-02-14 01:48:21,480 INFO: mu mean: -0.0270, mu std: 1.5343
2025-02-14 01:48:21,481 INFO: logvar mean: -8.8305, logvar std: 2.6847
2025-02-14 01:48:32,725 INFO: Epoch 20/20: Train Loss = 0.0853 (Recon = 0.0800, KL = 5.2482), Val Loss = 0.0958
2025-02-14 01:48:32,726 INFO: mu mean: -0.0469, mu std: 1.3612
2025-02-14 01:48:32,726 INFO: logvar mean: -8.5694, logvar std: 2.9476
2025-02-14 01:48:33,275 INFO: Saved model and history to:
/media/Ittwin/E/_uni/DL_Project/tiger-fox-elephant/weights/fox_vae_model.pth
/media/Ittwin/E/_uni/DL_Project/tiger-fox-elephant/weights/fox_vae_history.npz
2025-02-14 01:50:53,379 INFO: Configuration:
2025-02-14 01:50:53,379 INFO: IMG_SIZE: 224, BATCH_SIZE: 256, LR: 0.0001, EPOCHS: 20
2025-02-14 01:50:53,380 INFO: Device: cuda
2025-02-14 01:50:53,901 INFO: Target class: fox, Train samples: 4549, Val samples: 1299
2025-02-14 01:50:53,901 INFO: Input (grayscale) transform pipeline:
2025-02-14 01:50:53,902 INFO: ToPILImage()
2025-02-14 01:50:53,902 INFO: Resize(size=(224, 224), interpolation=bilinear, max_size=None, antialias=True)
2025-02-14 01:50:53,902 INFO: Grayscale(num_output_channels=1)
2025-02-14 01:50:53,903 INFO: ToTensor()
2025-02-14 01:50:53,903 INFO: Target (color) transform pipeline:
2025-02-14 01:50:53,903 INFO: ToPILImage()
2025-02-14 01:50:53,903 INFO: Resize(size=(224, 224), interpolation=bilinear, max_size=None, antialias=True)
2025-02-14 01:50:53,904 INFO: ToTensor()
2025-02-14 01:50:54,316 INFO: Loaded model from /media/Ittwin/E/_uni/DL_Project/tiger-fox-elephant/weights/colorization_vae_best.pth
2025-02-14 01:50:54,317 INFO: Model architecture:
ColorizationVAE(
  (encoder): Sequential(
    (0): Conv2d(1, 64, kernel_size=(4, 4), stride=(2, 2), padding=(1, 1))
    (1): BatchNorm2d(64, eps=1e-05, momentum=0.1, affine=True, track_running_stats=True)
    (2): ReLU()
    (3): Conv2d(64, 128, kernel_size=(4, 4), stride=(2, 2), padding=(1, 1))
    (4): BatchNorm2d(128, eps=1e-05, momentum=0.1, affine=True, track_running_stats=True)
    (5): ReLU()
    (6): Conv2d(128, 256, kernel_size=(4, 4), stride=(2, 2), padding=(1, 1))
    (7): BatchNorm2d(256, eps=1e-05, momentum=0.1, affine=True, track_running_stats=True)
    (8): ReLU()
    (9): Conv2d(256, 512, kernel_size=(4, 4), stride=(2, 2), padding=(1, 1))
    (10): BatchNorm2d(512, eps=1e-05, momentum=0.1, affine=True, track_running_stats=True)
    (11): ReLU()
  )
  (fc_mu): Linear(in_features=100352, out_features=128, bias=True)
  (fc_logvar): Linear(in_features=100352, out_features=128, bias=True)
  (decoder_input): Linear(in_features=128, out_features=100352, bias=True)
  (decoder): Sequential(
    (0): ConvTranspose2d(512, 256, kernel_size=(4, 4), stride=(2, 2), padding=(1, 1))
    (1): BatchNorm2d(256, eps=1e-05, momentum=0.1, affine=True, track_running_stats=True)
    (2): ReLU()
    (3): ConvTranspose2d(256, 128, kernel_size=(4, 4), stride=(2, 2), padding=(1, 1))
    (4): BatchNorm2d(128, eps=1e-05, momentum=0.1, affine=True, track_running_stats=True)
    (5): ReLU()
    (6): ConvTranspose2d(128, 64, kernel_size=(4, 4), stride=(2, 2), padding=(1, 1))
    (7): BatchNorm2d(64, eps=1e-05, momentum=0.1, affine=True, track_running_stats=True)
    (8): ReLU()
    (9): ConvTranspose2d(64, 3, kernel_size=(4, 4), stride=(2, 2), padding=(1, 1))
    (10): Sigmoid()
  )
)
2025-02-14 01:51:05,895 INFO: Epoch 1/20: Train Loss = 0.0844 (Recon = 0.0791, KL = 5.2681), Val Loss = 0.0894
2025-02-14 01:51:05,897 INFO: mu mean: 0.0064, mu std: 1.3603
2025-02-14 01:51:05,897 INFO: logvar mean: -8.4212, logvar std: 3.2172
2025-02-14 01:51:06,484 INFO: Saved best model at epoch 1 with Val Loss = 0.0894
2025-02-14 01:51:17,545 INFO: Epoch 2/20: Train Loss = 0.0830 (Recon = 0.0780, KL = 4.9303), Val Loss = 0.0884
2025-02-14 01:51:17,545 INFO: mu mean: -0.0052, mu std: 1.2814
2025-02-14 01:51:17,546 INFO: logvar mean: -8.4491, logvar std: 3.0234
2025-02-14 01:51:18,291 INFO: Saved best model at epoch 2 with Val Loss = 0.0884
2025-02-14 01:51:29,483 INFO: Epoch 3/20: Train Loss = 0.0819 (Recon = 0.0772, KL = 4.7059), Val Loss = 0.0876
2025-02-14 01:51:29,484 INFO: mu mean: 0.0042, mu std: 1.1992
2025-02-14 01:51:29,484 INFO: logvar mean: -8.2608, logvar std: 3.0727
2025-02-14 01:51:29,984 INFO: Saved best model at epoch 3 with Val Loss = 0.0876
2025-02-14 01:51:41,124 INFO: Epoch 4/20: Train Loss = 0.0815 (Recon = 0.0769, KL = 4.5754), Val Loss = 0.0877
2025-02-14 01:51:41,124 INFO: mu mean: -0.0027, mu std: 1.1592
2025-02-14 01:51:41,125 INFO: logvar mean: -8.1121, logvar std: 3.1034
2025-02-14 01:51:52,578 INFO: Epoch 5/20: Train Loss = 0.0811 (Recon = 0.0766, KL = 4.4742), Val Loss = 0.0870
2025-02-14 01:51:52,579 INFO: mu mean: -0.0034, mu std: 1.1476
2025-02-14 01:51:52,579 INFO: logvar mean: -7.8044, logvar std: 3.1598
2025-02-14 01:51:53,277 INFO: Saved best model at epoch 5 with Val Loss = 0.0870
2025-02-14 01:52:04,594 INFO: Epoch 6/20: Train Loss = 0.0802 (Recon = 0.0759, KL = 4.2904), Val Loss = 0.0868
2025-02-14 01:52:04,594 INFO: mu mean: 0.0078, mu std: 1.0888
2025-02-14 01:52:04,595 INFO: logvar mean: -7.7477, logvar std: 3.0826
2025-02-14 01:52:05,061 INFO: Saved best model at epoch 6 with Val Loss = 0.0868
2025-02-14 01:52:16,207 INFO: Epoch 7/20: Train Loss = 0.0795 (Recon = 0.0753, KL = 4.2089), Val Loss = 0.0865
2025-02-14 01:52:16,207 INFO: mu mean: 0.0031, mu std: 1.0665
2025-02-14 01:52:16,208 INFO: logvar mean: -7.7123, logvar std: 3.0560
2025-02-14 01:52:16,733 INFO: Saved best model at epoch 7 with Val Loss = 0.0865
2025-02-14 01:52:27,919 INFO: Epoch 8/20: Train Loss = 0.0795 (Recon = 0.0753, KL = 4.2116), Val Loss = 0.0862
2025-02-14 01:52:27,920 INFO: mu mean: 0.0003, mu std: 1.0456
2025-02-14 01:52:27,920 INFO: logvar mean: -7.6228, logvar std: 3.0961
2025-02-14 01:52:28,645 INFO: Saved best model at epoch 8 with Val Loss = 0.0862
2025-02-14 01:52:39,740 INFO: Epoch 9/20: Train Loss = 0.0789 (Recon = 0.0748, KL = 4.1700), Val Loss = 0.0865
2025-02-14 01:52:39,741 INFO: mu mean: -0.0169, mu std: 1.0630
2025-02-14 01:52:39,741 INFO: logvar mean: -7.5483, logvar std: 3.1463
2025-02-14 01:52:51,178 INFO: Epoch 10/20: Train Loss = 0.0783 (Recon = 0.0741, KL = 4.1797), Val Loss = 0.0857
2025-02-14 01:52:51,179 INFO: mu mean: -0.0092, mu std: 1.0287
2025-02-14 01:52:51,179 INFO: logvar mean: -7.5915, logvar std: 3.0572
2025-02-14 01:52:51,890 INFO: Saved best model at epoch 10 with Val Loss = 0.0857
2025-02-14 01:53:03,424 INFO: Epoch 11/20: Train Loss = 0.0779 (Recon = 0.0738, KL = 4.1139), Val Loss = 0.0854
2025-02-14 01:53:03,425 INFO: mu mean: -0.0101, mu std: 1.0367
2025-02-14 01:53:03,425 INFO: logvar mean: -7.6381, logvar std: 2.9781
2025-02-14 01:53:03,917 INFO: Saved best model at epoch 11 with Val Loss = 0.0854
2025-02-14 01:53:15,606 INFO: Epoch 12/20: Train Loss = 0.0772 (Recon = 0.0732, KL = 4.0651), Val Loss = 0.0855
2025-02-14 01:53:15,606 INFO: mu mean: -0.0039, mu std: 1.0206
2025-02-14 01:53:15,606 INFO: logvar mean: -7.5492, logvar std: 3.0099
2025-02-14 01:53:27,291 INFO: Epoch 13/20: Train Loss = 0.0769 (Recon = 0.0728, KL = 4.0867), Val Loss = 0.0852
2025-02-14 01:53:27,293 INFO: mu mean: -0.0043, mu std: 1.0187
2025-02-14 01:53:27,293 INFO: logvar mean: -7.5399, logvar std: 2.9654
2025-02-14 01:53:27,852 INFO: Saved best model at epoch 13 with Val Loss = 0.0852
2025-02-14 01:53:39,549 INFO: Epoch 14/20: Train Loss = 0.0771 (Recon = 0.0731, KL = 4.0209), Val Loss = 0.0860
2025-02-14 01:53:39,610 INFO: mu mean: 0.0049, mu std: 1.0105
2025-02-14 01:53:39,611 INFO: logvar mean: -7.5482, logvar std: 2.9043
2025-02-14 01:53:51,275 INFO: Epoch 15/20: Train Loss = 0.0761 (Recon = 0.0721, KL = 4.0045), Val Loss = 0.0847
2025-02-14 01:53:51,275 INFO: mu mean: -0.0058, mu std: 0.9999
2025-02-14 01:53:51,275 INFO: logvar mean: -7.4502, logvar std: 2.9487
2025-02-14 01:53:51,934 INFO: Saved best model at epoch 15 with Val Loss = 0.0847
2025-02-14 01:54:03,175 INFO: Epoch 16/20: Train Loss = 0.0755 (Recon = 0.0715, KL = 4.0234), Val Loss = 0.0850
2025-02-14 01:54:03,175 INFO: mu mean: -0.0098, mu std: 1.0188
2025-02-14 01:54:03,175 INFO: logvar mean: -7.4503, logvar std: 2.9225
2025-02-14 01:54:14,279 INFO: Epoch 17/20: Train Loss = 0.0751 (Recon = 0.0711, KL = 3.9833), Val Loss = 0.0846
2025-02-14 01:54:14,280 INFO: mu mean: -0.0128, mu std: 1.0011
2025-02-14 01:54:14,280 INFO: logvar mean: -7.3816, logvar std: 2.9320
2025-02-14 01:54:14,930 INFO: Saved best model at epoch 17 with Val Loss = 0.0846
2025-02-14 01:54:26,373 INFO: Epoch 18/20: Train Loss = 0.0750 (Recon = 0.0710, KL = 4.0074), Val Loss = 0.0843
2025-02-14 01:54:26,374 INFO: mu mean: -0.0000, mu std: 0.9995
2025-02-14 01:54:26,374 INFO: logvar mean: -7.4470, logvar std: 2.8866
2025-02-14 01:54:27,042 INFO: Saved best model at epoch 18 with Val Loss = 0.0843
2025-02-14 01:54:38,063 INFO: Epoch 19/20: Train Loss = 0.0746 (Recon = 0.0706, KL = 3.9568), Val Loss = 0.0844
2025-02-14 01:54:38,064 INFO: mu mean: -0.0043, mu std: 1.0049
2025-02-14 01:54:38,064 INFO: logvar mean: -7.4277, logvar std: 2.8760
2025-02-14 01:54:49,339 INFO: Epoch 20/20: Train Loss = 0.0740 (Recon = 0.0701, KL = 3.9500), Val Loss = 0.0842
2025-02-14 01:54:49,339 INFO: mu mean: 0.0018, mu std: 0.9941
2025-02-14 01:54:49,339 INFO: logvar mean: -7.3827, logvar std: 2.8779
2025-02-14 01:54:49,904 INFO: Saved best model at epoch 20 with Val Loss = 0.0842
2025-02-14 01:54:50,507 INFO: Saved model and history to:
/media/Ittwin/E/_uni/DL_Project/tiger-fox-elephant/weights/fox_vae_model.pth
/media/Ittwin/E/_uni/DL_Project/tiger-fox-elephant/weights/fox_vae_history.npz
